Workbook

Sheet RICE_Insured Farms_with PPI Pol
A1: No. | B1: Program Type | C1: Province | D1: Municipality | E1: Barangay | F1: Policy No. | G1: Effectivity Date | H1: Expiry Date | I1: Surname | J1: Firstname | K1: Middlename | L1: AreaInsured | M1: AmountofCover | N1: Stage No. | O1: FarmersID | P1: RSBSA No. | Q1: Farm ID | R1: Georef ID | S1: RiskExposureAmount | T1: Stage | U1: EstimatedDamage | V1: Days from Planting to Typhoon Occurance | W1: Adjuster's Stage of Crop Calculation
A2: 1 | B2: RSBSA | C2: Agusan del Norte | D2: BUTUAN CITY | E2: LEMON | F2: 1761007 | G2: 46019 | H2: 46139 | I2: AGUDONG | J2: ALLAN | K2: ALUAG | L2: 1.11 | M2: 27750 | N2: 2 | O2: 127451 | P2: 16-02-02-052-000075 | Q2: 390975 | S2: 19425 | T2: 2 - Mx. Tl. Stg. (LATE VEGETATIVE) | U2: 19425 | V2: =(DATE(2026,2,3)-'RICE_Insured Farms_with PPI Pol'!$G2)+IF('RICE_Insured Farms_with PPI Pol'!$H2<>'RICE_Insured Farms_with PPI Pol'!$G2,18,0) -> 55 | W2: {=IFS(V2>120, "Harvested", V2>=113, "Yellow Ripening", V2>=101, "Dough Stage", V2>=93, "Milking Stage", V2>=86, "Flowering", V2>=56, "Panicle Initiation/Booting", V2<56, "Vegetative/Tillering")} -> Vegetative/Tillering
A3: 2 | B3: RSBSA | C3: Agusan del Norte | D3: BUTUAN CITY | E3: ANTONGALON | F3: 1760478 | G3: 46014 | H3: 46114 | I3: AJOS | J3: EDNA | K3: COMPESINO | L3: 0.3564 | M3: 8910 | N3: 3 | O3: 313897 | P3: 16-02-02-009-000004 | Q3: 572646 | S3: 7128 | T3: 3 - P. I. Stg. (REPRODUCTIVE) | U3: 7128 | V3: =(DATE(2026,2,3)-'RICE_Insured Farms_with PPI Pol'!$G3)+IF('RICE_Insured Farms_with PPI Pol'!$H3<>'RICE_Insured Farms_with PPI Pol'!$G3,18,0) -> 60 | W3: {=IFS(V3>120, "Harvested", V3>=113, "Yellow Ripening", V3>=101, "Dough Stage", V3>=93, "Milking Stage", V3>=86, "Flowering", V3>=56, "Panicle Initiation/Booting", V3<56, "Vegetative/Tillering")} -> Panicle Initiation/Booting
A4: 3 | B4: RSBSA | C4: Agusan del Norte | D4: BUTUAN CITY | E4: ANTONGALON | F4: 1760476 | G4: 46014 | H4: 46112 | I4: ALAGO | J4: HENRY | K4: EFONDOL | L4: 1.5 | M4: 37500 | N4: 3 | O4: 294980 | P4: 16-02-02-009-000005 | Q4: 603915 | S4: 30000 | T4: 3 - P. I. Stg. (REPRODUCTIVE) | U4: 30000 | V4: =(DATE(2026,2,3)-'RICE_Insured Farms_with PPI Pol'!$G4)+IF('RICE_Insured Farms_with PPI Pol'!$H4<>'RICE_Insured Farms_with PPI Pol'!$G4,18,0) -> 60 | W4: {=IFS(V4>120, "Harvested", V4>=113, "Yellow Ripening", V4>=101, "Dough Stage", V4>=93, "Milking Stage", V4>=86, "Flowering", V4>=56, "Panicle Initiation/Booting", V4<56, "Vegetative/Tillering")} -> Panicle Initiation/Booting
A5: 4 | B5: RSBSA | C5: Agusan del Norte | D5: BUTUAN CITY | E5: LEMON | F5: 1760459 | G5: 46015 | H5: 46112 | I5: AVENIDO | J5: DANILO | K5: BAAY | L5: 1 | M5: 25000 | N5: 3 | O5: 369934 | P5: 16-02-02-052-000062 | Q5: 727077 | S5: 20000 | T5: 3 - P. I. Stg. (REPRODUCTIVE) | U5: 20000 | V5: =(DATE(2026,2,3)-'RICE_Insured Farms_with PPI Pol'!$G5)+IF('RICE_Insured Farms_with PPI Pol'!$H5<>'RICE_Insured Farms_with PPI Pol'!$G5,18,0) -> 59 | W5: {=IFS(V5>120, "Harvested", V5>=113, "Yellow Ripening", V5>=101, "Dough Stage", V5>=93, "Milking Stage", V5>=86, "Flowering", V5>=56, "Panicle Initiation/Booting", V5<56, "Vegetative/Tillering")} -> Panicle Initiation/Booting
A6: 5 | B6: RSBSA | C6: Agusan del Norte | D6: BUTUAN CITY | E6: LEMON | F6: 1760459 | G6: 46014 | H6: 46113 | I6: AYUBAN | J6: MARCELINA | K6: CAJUTOL | L6: 1 | M6: 25000 | N6: 3 | O6: 85802 | P6: 16-02-02-052-000102 | Q6: 476759 | S6: 20000 | T6: 3 - P. I. Stg. (REPRODUCTIVE) | U6: 20000 | V6: =(DATE(2026,2,3)-'RICE_Insured Farms_with PPI Pol'!$G6)+IF('RICE_Insured Farms_with PPI Pol'!$H6<>'RICE_Insured Farms_with PPI Pol'!$G6,18,0) -> 60 | W6: {=IFS(V6>120, "Harvested", V6>=113, "Yellow Ripening", V6>=101, "Dough Stage", V6>=93, "Milking Stage", V6>=86, "Flowering", V6>=56, "Panicle Initiation/Booting", V6<56, "Vegetative/Tillering")} -> Panicle Initiation/Booting
A7: 1418 | B7: RSBSA | C7: Misamis Oriental | D7: ALUBIJID | E7: LOURDES | F7: 1741852 | G7: 46011 | H7: 46106 | I7: TAMBIS | J7: JUANITO JR | K7: ROILO | L7: 1.227 | M7: 30675 | N7: 4 | O7: 34852 | Q7: 1279410 | S7: 24540 | T7: 4 - Booting Stg. (REPRODUCTIVE) | U7: 24540 | V7: =(DATE(2026,2,3)-'RICE_Insured Farms_with PPI Pol'!$G7)+IF('RICE_Insured Farms_with PPI Pol'!$H7<>'RICE_Insured Farms_with PPI Pol'!$G7,18,0) -> 63 | W7: {=IFS(V7>120, "Harvested", V7>=113, "Yellow Ripening", V7>=101, "Dough Stage", V7>=93, "Milking Stage", V7>=86, "Flowering", V7>=56, "Panicle Initiation/Booting", V7<56, "Vegetative/Tillering")} -> Panicle Initiation/Booting
A8: 7 | B8: RSBSA | C8: Agusan del Norte | D8: BUTUAN CITY | E8: BASAG | F8: 1761005 | G8: 46031 | H8: 46151 | I8: BAGO | J8: RICHIELE | K8: GENODEPANON | L8: 0.9303 | M8: 23257.5 | N8: 1 | O8: 362064 | P8: 16-02-02-019-000371 | Q8: 708065 | S8: 13954.5 | T8: 1 - Mn. Tl. Stg. (EARLY VEGETATIVE) | U8: 13954.5 | V8: =(DATE(2026,2,3)-'RICE_Insured Farms_with PPI Pol'!$G8)+IF('RICE_Insured Farms_with PPI Pol'!$H8<>'RICE_Insured Farms_with PPI Pol'!$G8,18,0) -> 43 | W8: {=IFS(V8>120, "Harvested", V8>=113, "Yellow Ripening", V8>=101, "Dough Stage", V8>=93, "Milking Stage", V8>=86, "Flowering", V8>=56, "Panicle Initiation/Booting", V8<56, "Vegetative/Tillering")} -> Vegetative/Tillering
A9: 8 | B9: RSBSA | C9: Agusan del Norte | D9: BUTUAN CITY | E9: AUPAGAN | F9: 1761018 | G9: 46031 | H9: 46126 | I9: BASANAL | J9: SOL | K9: DEL MUNDO | L9: 1.2146 | M9: 30365 | N9: 3 | O9: 325633 | P9: 16-02-02-010-000015 | Q9: 607439 | S9: 24292 | T9: 3 - P. I. Stg. (REPRODUCTIVE) | U9: 24292 | V9: =(DATE(2026,2,3)-'RICE_Insured Farms_with PPI Pol'!$G9)+IF('RICE_Insured Farms_with PPI Pol'!$H9<>'RICE_Insured Farms_with PPI Pol'!$G9,18,0) -> 43 | W9: {=IFS(V9>120, "Harvested", V9>=113, "Yellow Ripening", V9>=101, "Dough Stage", V9>=93, "Milking Stage", V9>=86, "Flowering", V9>=56, "Panicle Initiation/Booting", V9<56, "Vegetative/Tillering")} -> Vegetative/Tillering
A10: 115 | B10: RSBSA | C10: Surigao del Norte | D10: BACUAG | E10: DUGSANGON | F10: 1739640 | G10: 46006 | H10: 46108 | I10: GALAGAR | J10: NICOLAS | K10: ILIGAN | L10: 1.0114 | M10: 25285 | N10: 4 | O10: 338094 | P10: 16-67-02-004-000248 | Q10: 1022382 | S10: 20228 | T10: 4 - Booting Stg. (REPRODUCTIVE) | U10: 20228 | V10: =(DATE(2026,2,3)-'RICE_Insured Farms_with PPI Pol'!$G10)+IF('RICE_Insured Farms_with PPI Pol'!$H10<>'RICE_Insured Farms_with PPI Pol'!$G10,18,0) -> 68 | W10: {=IFS(V10>120, "Harvested", V10>=113, "Yellow Ripening", V10>=101, "Dough Stage", V10>=93, "Milking Stage", V10>=86, "Flowering", V10>=56, "Panicle Initiation/Booting", V10<56, "Vegetative/Tillering")} -> Panicle Initiation/Booting
A11: 10 | B11: RSBSA | C11: Agusan del Norte | D11: BUTUAN CITY | E11: ANTONGALON | F11: 1760479 | G11: 46011 | H11: 46112 | I11: BERDIN | J11: RAY | K11: HINGPIT | L11: 0.9121 | M11: 22802.5 | N11: 3 | O11: 192791 | Q11: 512629 | S11: 18242 | T11: 3 - P. I. Stg. (REPRODUCTIVE) | U11: 18242 | V11: =(DATE(2026,2,3)-'RICE_Insured Farms_with PPI Pol'!$G11)+IF('RICE_Insured Farms_with PPI Pol'!$H11<>'RICE_Insured Farms_with PPI Pol'!$G11,18,0) -> 63 | W11: {=IFS(V11>120, "Harvested", V11>=113, "Yellow Ripening", V11>=101, "Dough Stage", V11>=93, "Milking Stage", V11>=86, "Flowering", V11>=56, "Panicle Initiation/Booting", V11<56, "Vegetative/Tillering")} -> Panicle Initiation/Booting
A12: 11 | B12: RSBSA | C12: Agusan del Norte | D12: BUTUAN CITY | E12: ANTONGALON | F12: 1760476 | G12: 46011 | H12: 46112 | I12: BORCIS | J12: EUGENE | K12: LANGANLANGAN | L12: 1.9891 | M12: 49727.5 | N12: 3 | O12: 294979 | P12: 16-02-02-009-000008 | Q12: 603919 | S12: 39782 | T12: 3 - P. I. Stg. (REPRODUCTIVE) | U12: 39782 | V12: =(DATE(2026,2,3)-'RICE_Insured Farms_with PPI Pol'!$G12)+IF('RICE_Insured Farms_with PPI Pol'!$H12<>'RICE_Insured Farms_with PPI Pol'!$G12,18,0) -> 63 | W12: {=IFS(V12>120, "Harvested", V12>=113, "Yellow Ripening", V12>=101, "Dough Stage", V12>=93, "Milking Stage", V12>=86, "Flowering", V12>=56, "Panicle Initiation/Booting", V12<56, "Vegetative/Tillering")} -> Panicle Initiation/Booting
A13: 12 | B13: RSBSA | C13: Agusan del Norte | D13: BUTUAN CITY | E13: ANTONGALON | F13: 1760479 | G13: 46016 | H13: 46126 | I13: BORNALES | J13: ARC WILLIAM | K13: HERIA | L13: 0.989 | M13: 24725 | N13: 3 | O13: 313904 | Q13: 572661 | S13: 19780 | T13: 3 - P. I. Stg. (REPRODUCTIVE) | U13: 19780 | V13: =(DATE(2026,2,3)-'RICE_Insured Farms_with PPI Pol'!$G13)+IF('RICE_Insured Farms_with PPI Pol'!$H13<>'RICE_Insured Farms_with PPI Pol'!$G13,18,0) -> 58 | W13: {=IFS(V13>120, "Harvested", V13>=113, "Yellow Ripening", V13>=101, "Dough Stage", V13>=93, "Milking Stage", V13>=86, "Flowering", V13>=56, "Panicle Initiation/Booting", V13<56, "Vegetative/Tillering")} -> Panicle Initiation/Booting
A14: 13 | B14: RSBSA | C14: Agusan del Norte | D14: BUTUAN CITY | E14: ANTONGALON | F14: 1760479 | G14: 46011 | H14: 46131 | I14: BORNALES | J14: ARTUS | K14: MONEBIT | L14: 2.6704 | M14: 66760 | N14: 2 | O14: 192790 | P14: 16-02-02-009-000032 | Q14: 603986 | S14: 46732 | T14: 2 - Mx. Tl. Stg. (LATE VEGETATIVE) | U14: 46732 | V14: =(DATE(2026,2,3)-'RICE_Insured Farms_with PPI Pol'!$G14)+IF('RICE_Insured Farms_with PPI Pol'!$H14<>'RICE_Insured Farms_with PPI Pol'!$G14,18,0) -> 63 | W14: {=IFS(V14>120, "Harvested", V14>=113, "Yellow Ripening", V14>=101, "Dough Stage", V14>=93, "Milking Stage", V14>=86, "Flowering", V14>=56, "Panicle Initiation/Booting", V14<56, "Vegetative/Tillering")} -> Panicle Initiation/Booting
A15: 14 | B15: RSBSA | C15: Agusan del Norte | D15: BUTUAN CITY | E15: ANTONGALON | F15: 1760479 | G15: 46012 | H15: 46113 | I15: CABARSE | J15: FEDERICO | K15: PALIMA | L15: 2.6669 | M15: 66672.5 | N15: 3 | O15: 192461 | Q15: 604013 | S15: 53338 | T15: 3 - P. I. Stg. (REPRODUCTIVE) | U15: 53338 | V15: =(DATE(2026,2,3)-'RICE_Insured Farms_with PPI Pol'!$G15)+IF('RICE_Insured Farms_with PPI Pol'!$H15<>'RICE_Insured Farms_with PPI Pol'!$G15,18,0) -> 62 | W15: {=IFS(V15>120, "Harvested", V15>=113, "Yellow Ripening", V15>=101, "Dough Stage", V15>=93, "Milking Stage", V15>=86, "Flowering", V15>=56, "Panicle Initiation/Booting", V15<56, "Vegetative/Tillering")} -> Panicle Initiation/Booting
A16: 15 | B16: RSBSA | C16: Agusan del Norte | D16: BUTUAN CITY | E16: ANTONGALON | F16: 1760479 | G16: 46011 | H16: 46112 | I16: CABARSE | J16: GASPAR | K16: TAGRA | L16: 1.4525 | M16: 36312.5 | N16: 3 | O16: 122911 | P16: 16-02-02-009-000010 | Q16: 604215 | S16: 29050 | T16: 3 - P. I. Stg. (REPRODUCTIVE) | U16: 29050 | V16: =(DATE(2026,2,3)-'RICE_Insured Farms_with PPI Pol'!$G16)+IF('RICE_Insured Farms_with PPI Pol'!$H16<>'RICE_Insured Farms_with PPI Pol'!$G16,18,0) -> 63 | W16: {=IFS(V16>120, "Harvested", V16>=113, "Yellow Ripening", V16>=101, "Dough Stage", V16>=93, "Milking Stage", V16>=86, "Flowering", V16>=56, "Panicle Initiation/Booting", V16<56, "Vegetative/Tillering")} -> Panicle Initiation/Booting
A17: 116 | B17: RSBSA | C17: Surigao del Norte | D17: BACUAG | E17: DUGSANGON | F17: 1739640 | G17: 46007 | H17: 46109 | I17: GALAGAR | J17: ROSELINDO SR. | K17: ILIGAN | L17: 1 | M17: 25000 | N17: 4 | O17: 187790 | Q17: 1029398 | S17: 20000 | T17: 4 - Booting Stg. (REPRODUCTIVE) | U17: 20000 | V17: =(DATE(2026,2,3)-'RICE_Insured Farms_with PPI Pol'!$G17)+IF('RICE_Insured Farms_with PPI Pol'!$H17<>'RICE_Insured Farms_with PPI Pol'!$G17,18,0) -> 67 | W17: {=IFS(V17>120, "Harvested", V17>=113, "Yellow Ripening", V17>=101, "Dough Stage", V17>=93, "Milking Stage", V17>=86, "Flowering", V17>=56, "Panicle Initiation/Booting", V17<56, "Vegetative/Tillering")} -> Panicle Initiation/Booting
A18: 17 | B18: RSBSA | C18: Agusan del Norte | D18: BUTUAN CITY | E18: ANTONGALON | F18: 1760476 | G18: 46014 | H18: 46112 | I18: CAGA | J18: LINO | K18: MAPUTI | L18: 0.8935 | M18: 22337.5 | N18: 3 | O18: 233371 | P18: 16-02-02-009-000012 | Q18: 512620 | S18: 17870 | T18: 3 - P. I. Stg. (REPRODUCTIVE) | U18: 17870 | V18: =(DATE(2026,2,3)-'RICE_Insured Farms_with PPI Pol'!$G18)+IF('RICE_Insured Farms_with PPI Pol'!$H18<>'RICE_Insured Farms_with PPI Pol'!$G18,18,0) -> 60 | W18: {=IFS(V18>120, "Harvested", V18>=113, "Yellow Ripening", V18>=101, "Dough Stage", V18>=93, "Milking Stage", V18>=86, "Flowering", V18>=56, "Panicle Initiation/Booting", V18<56, "Vegetative/Tillering")} -> Panicle Initiation/Booting
A19: 18 | B19: RSBSA | C19: Agusan del Norte | D19: BUTUAN CITY | E19: ANTONGALON | F19: 1760476 | G19: 46011 | H19: 46121 | I19: CARIN | J19: CARMELITA | K19: CESNEROS | L19: 0.9068 | M19: 22670 | N19: 3 | O19: 324673 | Q19: 604248 | S19: 18136 | T19: 3 - P. I. Stg. (REPRODUCTIVE) | U19: 18136 | V19: =(DATE(2026,2,3)-'RICE_Insured Farms_with PPI Pol'!$G19)+IF('RICE_Insured Farms_with PPI Pol'!$H19<>'RICE_Insured Farms_with PPI Pol'!$G19,18,0) -> 63 | W19: {=IFS(V19>120, "Harvested", V19>=113, "Yellow Ripening", V19>=101, "Dough Stage", V19>=93, "Milking Stage", V19>=86, "Flowering", V19>=56, "Panicle Initiation/Booting", V19<56, "Vegetative/Tillering")} -> Panicle Initiation/Booting
A20: 19 | B20: RSBSA | C20: Agusan del Norte | D20: BUTUAN CITY | E20: ANTONGALON | F20: 1760476 | G20: 46014 | H20: 46124 | I20: CARIN | J20: MARGARITO | K20: CESNIROS | L20: 2 | M20: 50000 | N20: 3 | O20: 294859 | Q20: 603998 | S20: 40000 | T20: 3 - P. I. Stg. (REPRODUCTIVE) | U20: 40000 | V20: =(DATE(2026,2,3)-'RICE_Insured Farms_with PPI Pol'!$G20)+IF('RICE_Insured Farms_with PPI Pol'!$H20<>'RICE_Insured Farms_with PPI Pol'!$G20,18,0) -> 60 | W20: {=IFS(V20>120, "Harvested", V20>=113, "Yellow Ripening", V20>=101, "Dough Stage", V20>=93, "Milking Stage", V20>=86, "Flowering", V20>=56, "Panicle Initiation/Booting", V20<56, "Vegetative/Tillering")} -> Panicle Initiation/Booting
A21: 20 | B21: RSBSA | C21: Agusan del Norte | D21: BUTUAN CITY | E21: BASAG | F21: 1761032 | G21: 46037 | H21: 46157 | I21: CATAP | J21: LAURO | K21: ACEDO | L21: 0.6562 | M21: 16405 | N21: 1 | O21: 50132 | P21: 16-02-02-019-000433 | Q21: 402509 | S21: 9843 | T21: 1 - Mn. Tl. Stg. (EARLY VEGETATIVE) | U21: 9843 | V21: =(DATE(2026,2,3)-'RICE_Insured Farms_with PPI Pol'!$G21)+IF('RICE_Insured Farms_with PPI Pol'!$H21<>'RICE_Insured Farms_with PPI Pol'!$G21,18,0) -> 37 | W21: {=IFS(V21>120, "Harvested", V21>=113, "Yellow Ripening", V21>=101, "Dough Stage", V21>=93, "Milking Stage", V21>=86, "Flowering", V21>=56, "Panicle Initiation/Booting", V21<56, "Vegetative/Tillering")} -> Vegetative/Tillering
A22: 21 | B22: RSBSA | C22: Agusan del Norte | D22: BUTUAN CITY | E22: BASAG | F22: 1761032 | G22: 46027 | H22: 46147 | I22: CERNA | J22: DIVINA | K22: GALISA | L22: 1.0921 | M22: 27302.5 | N22: 1 | O22: 192095 | P22: 16-02-02-019-000385 | Q22: 613630 | S22: 16381.5 | T22: 1 - Mn. Tl. Stg. (EARLY VEGETATIVE) | U22: 16381.5 | V22: =(DATE(2026,2,3)-'RICE_Insured Farms_with PPI Pol'!$G22)+IF('RICE_Insured Farms_with PPI Pol'!$H22<>'RICE_Insured Farms_with PPI Pol'!$G22,18,0) -> 47 | W22: {=IFS(V22>120, "Harvested", V22>=113, "Yellow Ripening", V22>=101, "Dough Stage", V22>=93, "Milking Stage", V22>=86, "Flowering", V22>=56, "Panicle Initiation/Booting", V22<56, "Vegetative/Tillering")} -> Vegetative/Tillering
A23: 22 | B23: RSBSA | C23: Agusan del Norte | D23: BUTUAN CITY | E23: BOBON | F23: 1761028 | G23: 46021 | H23: 46116 | I23: COLIMA | J23: GEMMA | K23: OYAN | L23: 1.028 | M23: 25700 | N23: 3 | O23: 161074 | P23: 16-02-02-024-000022 | Q23: 723520 | S23: 20560 | T23: 3 - P. I. Stg. (REPRODUCTIVE) | U23: 20560 | V23: =(DATE(2026,2,3)-'RICE_Insured Farms_with PPI Pol'!$G23)+IF('RICE_Insured Farms_with PPI Pol'!$H23<>'RICE_Insured Farms_with PPI Pol'!$G23,18,0) -> 53 | W23: {=IFS(V23>120, "Harvested", V23>=113, "Yellow Ripening", V23>=101, "Dough Stage", V23>=93, "Milking Stage", V23>=86, "Flowering", V23>=56, "Panicle Initiation/Booting", V23<56, "Vegetative/Tillering")} -> Vegetative/Tillering
A24: 23 | B24: RSBSA | C24: Agusan del Norte | D24: BUTUAN CITY | E24: BOBON | F24: 1761028 | G24: 46020 | H24: 46116 | I24: COLIMA | J24: JAYROL | K24: TANIO | L24: 1.2284 | M24: 30710 | N24: 3 | O24: 123961 | P24: 16-02-02-024-000017 | Q24: 723548 | S24: 24568 | T24: 3 - P. I. Stg. (REPRODUCTIVE) | U24: 24568 | V24: =(DATE(2026,2,3)-'RICE_Insured Farms_with PPI Pol'!$G24)+IF('RICE_Insured Farms_with PPI Pol'!$H24<>'RICE_Insured Farms_with PPI Pol'!$G24,18,0) -> 54 | W24: {=IFS(V24>120, "Harvested", V24>=113, "Yellow Ripening", V24>=101, "Dough Stage", V24>=93, "Milking Stage", V24>=86, "Flowering", V24>=56, "Panicle Initiation/Booting", V24<56, "Vegetative/Tillering")} -> Vegetative/Tillering
A25: 24 | B25: RSBSA | C25: Agusan del Sur | D25: SAN FRANCISCO | E25: LAPINIGAN | F25: 1760507 | G25: 46021 | H25: 46141 | I25: COLON | J25: ESTRELLA | K25: CUIZON | L25: 1.4528 | M25: 36320 | N25: 2 | O25: 169004 | Q25: 703246 | S25: 25424 | T25: 2 - Mx. Tl. Stg. (LATE VEGETATIVE) | U25: 25424 | V25: =(DATE(2026,2,3)-'RICE_Insured Farms_with PPI Pol'!$G25)+IF('RICE_Insured Farms_with PPI Pol'!$H25<>'RICE_Insured Farms_with PPI Pol'!$G25,18,0) -> 53 | W25: {=IFS(V25>120, "Harvested", V25>=113, "Yellow Ripening", V25>=101, "Dough Stage", V25>=93, "Milking Stage", V25>=86, "Flowering", V25>=56, "Panicle Initiation/Booting", V25<56, "Vegetative/Tillering")} -> Vegetative/Tillering
A26: 25 | B26: RSBSA | C26: Agusan del Norte | D26: BUTUAN CITY | E26: ANTONGALON | F26: 1760482 | G26: 46011 | H26: 46131 | I26: CUARES | J26: BRILLO | K26: GALANIDA | L26: 1.197 | M26: 29925 | N26: 2 | O26: 192784 | P26: 16-02-02-009-000208 | Q26: 512631 | S26: 20947.5 | T26: 2 - Mx. Tl. Stg. (LATE VEGETATIVE) | U26: 20947.5 | V26: =(DATE(2026,2,3)-'RICE_Insured Farms_with PPI Pol'!$G26)+IF('RICE_Insured Farms_with PPI Pol'!$H26<>'RICE_Insured Farms_with PPI Pol'!$G26,18,0) -> 63 | W26: {=IFS(V26>120, "Harvested", V26>=113, "Yellow Ripening", V26>=101, "Dough Stage", V26>=93, "Milking Stage", V26>=86, "Flowering", V26>=56, "Panicle Initiation/Booting", V26<56, "Vegetative/Tillering")} -> Panicle Initiation/Booting
A27: 126 | B27: RSBSA | C27: Surigao del Norte | D27: BACUAG | E27: PAUTAO | F27: 1739640 | G27: 46001 | H27: 46103 | I27: IBARRA | J27: REVILYN | K27: UGAY | L27: 0.5 | M27: 12500 | N27: 4 | O27: 228437 | P27: 16-67-02-005-000188 | Q27: 1025316 | S27: 10000 | T27: 4 - Booting Stg. (REPRODUCTIVE) | U27: 10000 | V27: =(DATE(2026,2,3)-'RICE_Insured Farms_with PPI Pol'!$G27)+IF('RICE_Insured Farms_with PPI Pol'!$H27<>'RICE_Insured Farms_with PPI Pol'!$G27,18,0) -> 73 | W27: {=IFS(V27>120, "Harvested", V27>=113, "Yellow Ripening", V27>=101, "Dough Stage", V27>=93, "Milking Stage", V27>=86, "Flowering", V27>=56, "Panicle Initiation/Booting", V27<56, "Vegetative/Tillering")} -> Panicle Initiation/Booting
A28: 27 | B28: RSBSA | C28: Agusan del Norte | D28: BUTUAN CITY | E28: BASAG | F28: 1761031 | G28: 46020 | H28: 46140 | I28: DICDICAN | J28: EDNA | K28: MONDEJAR | L28: 0.6019 | M28: 15047.5 | N28: 2 | O28: 197919 | P28: 16-02-02-019-000105 | Q28: 723166 | S28: 10533.25 | T28: 2 - Mx. Tl. Stg. (LATE VEGETATIVE) | U28: 10533.25 | V28: =(DATE(2026,2,3)-'RICE_Insured Farms_with PPI Pol'!$G28)+IF('RICE_Insured Farms_with PPI Pol'!$H28<>'RICE_Insured Farms_with PPI Pol'!$G28,18,0) -> 54 | W28: {=IFS(V28>120, "Harvested", V28>=113, "Yellow Ripening", V28>=101, "Dough Stage", V28>=93, "Milking Stage", V28>=86, "Flowering", V28>=56, "Panicle Initiation/Booting", V28<56, "Vegetative/Tillering")} -> Vegetative/Tillering
A29: 28 | B29: RSBSA | C29: Agusan del Norte | D29: BUTUAN CITY | E29: BASAG | F29: 1761031 | G29: 46037 | H29: 46157 | I29: DICDICAN | J29: LORETO JR | K29: SUPANGAN | L29: 0.9956 | M29: 24890 | N29: 1 | O29: 113229 | Q29: 647403 | S29: 14934 | T29: 1 - Mn. Tl. Stg. (EARLY VEGETATIVE) | U29: 14934 | V29: =(DATE(2026,2,3)-'RICE_Insured Farms_with PPI Pol'!$G29)+IF('RICE_Insured Farms_with PPI Pol'!$H29<>'RICE_Insured Farms_with PPI Pol'!$G29,18,0) -> 37 | W29: {=IFS(V29>120, "Harvested", V29>=113, "Yellow Ripening", V29>=101, "Dough Stage", V29>=93, "Milking Stage", V29>=86, "Flowering", V29>=56, "Panicle Initiation/Booting", V29<56, "Vegetative/Tillering")} -> Vegetative/Tillering
A30: 29 | B30: RSBSA | C30: Agusan del Norte | D30: BUTUAN CITY | E30: ANTONGALON | F30: 1760478 | G30: 46012 | H30: 46113 | I30: DICDICAN | J30: TEOTIMO | K30: LINARES | L30: 1.384 | M30: 34600 | N30: 3 | O30: 233200 | P30: 16-02-02-009-000059 | Q30: 569796 | S30: 27680 | T30: 3 - P. I. Stg. (REPRODUCTIVE) | U30: 27680 | V30: =(DATE(2026,2,3)-'RICE_Insured Farms_with PPI Pol'!$G30)+IF('RICE_Insured Farms_with PPI Pol'!$H30<>'RICE_Insured Farms_with PPI Pol'!$G30,18,0) -> 62 | W30: {=IFS(V30>120, "Harvested", V30>=113, "Yellow Ripening", V30>=101, "Dough Stage", V30>=93, "Milking Stage", V30>=86, "Flowering", V30>=56, "Panicle Initiation/Booting", V30<56, "Vegetative/Tillering")} -> Panicle Initiation/Booting
A31: 30 | B31: RSBSA | C31: Agusan del Norte | D31: BUTUAN CITY | E31: TINIWISAN | F31: 1761019 | G31: 46021 | H31: 46116 | I31: DUNCANO | J31: VIRGILIO | K31: D | L31: 1.0165 | M31: 25412.5 | N31: 3 | O31: 367937 | Q31: 722333 | S31: 20330 | T31: 3 - P. I. Stg. (REPRODUCTIVE) | U31: 20330 | V31: =(DATE(2026,2,3)-'RICE_Insured Farms_with PPI Pol'!$G31)+IF('RICE_Insured Farms_with PPI Pol'!$H31<>'RICE_Insured Farms_with PPI Pol'!$G31,18,0) -> 53 | W31: {=IFS(V31>120, "Harvested", V31>=113, "Yellow Ripening", V31>=101, "Dough Stage", V31>=93, "Milking Stage", V31>=86, "Flowering", V31>=56, "Panicle Initiation/Booting", V31<56, "Vegetative/Tillering")} -> Vegetative/Tillering
A32: 31 | B32: RSBSA | C32: Agusan del Norte | D32: BUTUAN CITY | E32: ANTONGALON | F32: 1760476 | G32: 46011 | H32: 46114 | I32: ESPORA | J32: SHIRLEY | K32: OTACAN | L32: 0.7696 | M32: 19240 | N32: 3 | O32: 189499 | P32: 16-02-02-009-000021 | Q32: 512612 | S32: 15392 | T32: 3 - P. I. Stg. (REPRODUCTIVE) | U32: 15392 | V32: =(DATE(2026,2,3)-'RICE_Insured Farms_with PPI Pol'!$G32)+IF('RICE_Insured Farms_with PPI Pol'!$H32<>'RICE_Insured Farms_with PPI Pol'!$G32,18,0) -> 63 | W32: {=IFS(V32>120, "Harvested", V32>=113, "Yellow Ripening", V32>=101, "Dough Stage", V32>=93, "Milking Stage", V32>=86, "Flowering", V32>=56, "Panicle Initiation/Booting", V32<56, "Vegetative/Tillering")} -> Panicle Initiation/Booting
A33: 32 | B33: RSBSA | C33: Agusan del Norte | D33: BUTUAN CITY | E33: ANTONGALON | F33: 1760479 | G33: 46011 | H33: 46112 | I33: ESPURA | J33: ROGELIO | K33: GUERTA | L33: 0.7889 | M33: 19722.5 | N33: 3 | O33: 313083 | P33: 16-02-02-009-000020 | Q33: 570069 | S33: 15778 | T33: 3 - P. I. Stg. (REPRODUCTIVE) | U33: 15778 | V33: =(DATE(2026,2,3)-'RICE_Insured Farms_with PPI Pol'!$G33)+IF('RICE_Insured Farms_with PPI Pol'!$H33<>'RICE_Insured Farms_with PPI Pol'!$G33,18,0) -> 63 | W33: {=IFS(V33>120, "Harvested", V33>=113, "Yellow Ripening", V33>=101, "Dough Stage", V33>=93, "Milking Stage", V33>=86, "Flowering", V33>=56, "Panicle Initiation/Booting", V33<56, "Vegetative/Tillering")} -> Panicle Initiation/Booting
A34: 33 | B34: RSBSA | C34: Agusan del Norte | D34: BUTUAN CITY | E34: BASAG | F34: 1761032 | G34: 46034 | H34: 46154 | I34: FERRER | J34: ARNOLD | K34: SALCEDO | L34: 1.9284 | M34: 48210 | N34: 1 | O34: 327460 | P34: 16-02-02-019-000374 | Q34: 707647 | S34: 28926 | T34: 1 - Mn. Tl. Stg. (EARLY VEGETATIVE) | U34: 28926 | V34: =(DATE(2026,2,3)-'RICE_Insured Farms_with PPI Pol'!$G34)+IF('RICE_Insured Farms_with PPI Pol'!$H34<>'RICE_Insured Farms_with PPI Pol'!$G34,18,0) -> 40 | W34: {=IFS(V34>120, "Harvested", V34>=113, "Yellow Ripening", V34>=101, "Dough Stage", V34>=93, "Milking Stage", V34>=86, "Flowering", V34>=56, "Panicle Initiation/Booting", V34<56, "Vegetative/Tillering")} -> Vegetative/Tillering
A35: 34 | B35: RSBSA | C35: Agusan del Norte | D35: BUTUAN CITY | E35: SUMILIHON | F35: 1761001 | G35: 46019 | H35: 46117 | I35: GUIBAO | J35: EDITHA | K35: CAGAS | L35: 0.7237 | M35: 18092.5 | N35: 3 | O35: 175189 | P35: 16-02-02-080-000058 | Q35: 724427 | S35: 14474 | T35: 3 - P. I. Stg. (REPRODUCTIVE) | U35: 14474 | V35: =(DATE(2026,2,3)-'RICE_Insured Farms_with PPI Pol'!$G35)+IF('RICE_Insured Farms_with PPI Pol'!$H35<>'RICE_Insured Farms_with PPI Pol'!$G35,18,0) -> 55 | W35: {=IFS(V35>120, "Harvested", V35>=113, "Yellow Ripening", V35>=101, "Dough Stage", V35>=93, "Milking Stage", V35>=86, "Flowering", V35>=56, "Panicle Initiation/Booting", V35<56, "Vegetative/Tillering")} -> Vegetative/Tillering
A36: 127 | B36: RSBSA | C36: Surigao del Norte | D36: BACUAG | E36: DUGSANGON | F36: 1739640 | G36: 46005 | H36: 46107 | I36: ILIGAN | J36: JERRY | K36: ROGADOR | L36: 0.9395 | M36: 23487.5 | N36: 4 | O36: 135693 | P36: 16-67-02-004-000108 | Q36: 1024467 | S36: 18790 | T36: 4 - Booting Stg. (REPRODUCTIVE) | U36: 18790 | V36: =(DATE(2026,2,3)-'RICE_Insured Farms_with PPI Pol'!$G36)+IF('RICE_Insured Farms_with PPI Pol'!$H36<>'RICE_Insured Farms_with PPI Pol'!$G36,18,0) -> 69 | W36: {=IFS(V36>120, "Harvested", V36>=113, "Yellow Ripening", V36>=101, "Dough Stage", V36>=93, "Milking Stage", V36>=86, "Flowering", V36>=56, "Panicle Initiation/Booting", V36<56, "Vegetative/Tillering")} -> Panicle Initiation/Booting
A37: 129 | B37: RSBSA | C37: Surigao del Norte | D37: BACUAG | E37: DUGSANGON | F37: 1739639 | G37: 46009 | H37: 46111 | I37: INSON | J37: EDWIN | K37: RUBIO | L37: 0.504 | M37: 12600 | N37: 4 | O37: 294640 | P37: 16-67-02-004-000008 | Q37: 1022343 | S37: 10080 | T37: 4 - Booting Stg. (REPRODUCTIVE) | U37: 10080 | V37: =(DATE(2026,2,3)-'RICE_Insured Farms_with PPI Pol'!$G37)+IF('RICE_Insured Farms_with PPI Pol'!$H37<>'RICE_Insured Farms_with PPI Pol'!$G37,18,0) -> 65 | W37: {=IFS(V37>120, "Harvested", V37>=113, "Yellow Ripening", V37>=101, "Dough Stage", V37>=93, "Milking Stage", V37>=86, "Flowering", V37>=56, "Panicle Initiation/Booting", V37<56, "Vegetative/Tillering")} -> Panicle Initiation/Booting
A38: 37 | B38: RSBSA | C38: Agusan del Norte | D38: BUTUAN CITY | E38: AUPAGAN | F38: 1761016 | G38: 46030 | H38: 46125 | I38: GOMO | J38: LOLITA | K38: OMANGUIN | L38: 0.9251 | M38: 23127.5 | N38: 3 | O38: 22963 | P38: 16-02-02-010-000084 | Q38: 722638 | S38: 18502 | T38: 3 - P. I. Stg. (REPRODUCTIVE) | U38: 18502 | V38: =(DATE(2026,2,3)-'RICE_Insured Farms_with PPI Pol'!$G38)+IF('RICE_Insured Farms_with PPI Pol'!$H38<>'RICE_Insured Farms_with PPI Pol'!$G38,18,0) -> 44 | W38: {=IFS(V38>120, "Harvested", V38>=113, "Yellow Ripening", V38>=101, "Dough Stage", V38>=93, "Milking Stage", V38>=86, "Flowering", V38>=56, "Panicle Initiation/Booting", V38<56, "Vegetative/Tillering")} -> Vegetative/Tillering
A39: 38 | B39: RSBSA | C39: Agusan del Norte | D39: BUTUAN CITY | E39: SUMILIHON | F39: 1761001 | G39: 46019 | H39: 46117 | I39: GUIBAO | J39: EDITHA | K39: CAGAS | L39: 0.7237 | M39: 18092.5 | N39: 3 | O39: 175189 | P39: 16-02-02-080-000058 | Q39: 724427 | S39: 14474 | T39: 3 - P. I. Stg. (REPRODUCTIVE) | U39: 14474 | V39: =(DATE(2026,2,3)-'RICE_Insured Farms_with PPI Pol'!$G39)+IF('RICE_Insured Farms_with PPI Pol'!$H39<>'RICE_Insured Farms_with PPI Pol'!$G39,18,0) -> 55 | W39: {=IFS(V39>120, "Harvested", V39>=113, "Yellow Ripening", V39>=101, "Dough Stage", V39>=93, "Milking Stage", V39>=86, "Flowering", V39>=56, "Panicle Initiation/Booting", V39<56, "Vegetative/Tillering")} -> Vegetative/Tillering
A40: 39 | B40: RSBSA | C40: Agusan del Norte | D40: BUTUAN CITY | E40: KINAMLUTAN | F40: 1760498 | G40: 46011 | H40: 46131 | I40: HANTUD | J40: LORLINIE | K40: MAGNO | L40: 1.4952 | M40: 37380 | N40: 2 | O40: 294924 | P40: 16-02-02-049-000136 | Q40: 598084 | S40: 26166 | T40: 2 - Mx. Tl. Stg. (LATE VEGETATIVE) | U40: 26166 | V40: =(DATE(2026,2,3)-'RICE_Insured Farms_with PPI Pol'!$G40)+IF('RICE_Insured Farms_with PPI Pol'!$H40<>'RICE_Insured Farms_with PPI Pol'!$G40,18,0) -> 63 | W40: {=IFS(V40>120, "Harvested", V40>=113, "Yellow Ripening", V40>=101, "Dough Stage", V40>=93, "Milking Stage", V40>=86, "Flowering", V40>=56, "Panicle Initiation/Booting", V40<56, "Vegetative/Tillering")} -> Panicle Initiation/Booting
A41: 40 | B41: RSBSA | C41: Agusan del Norte | D41: BUTUAN CITY | E41: ANTONGALON | F41: 1760479 | G41: 46025 | H41: 46120 | I41: HENILO | J41: MARK DAVE | L41: 0.5036 | M41: 12590 | N41: 3 | O41: 361838 | Q41: 707250 | S41: 10072 | T41: 3 - P. I. Stg. (REPRODUCTIVE) | U41: 10072 | V41: =(DATE(2026,2,3)-'RICE_Insured Farms_with PPI Pol'!$G41)+IF('RICE_Insured Farms_with PPI Pol'!$H41<>'RICE_Insured Farms_with PPI Pol'!$G41,18,0) -> 49 | W41: {=IFS(V41>120, "Harvested", V41>=113, "Yellow Ripening", V41>=101, "Dough Stage", V41>=93, "Milking Stage", V41>=86, "Flowering", V41>=56, "Panicle Initiation/Booting", V41<56, "Vegetative/Tillering")} -> Vegetative/Tillering
A42: 519 | B42: RSBSA | C42: Surigao del Norte | D42: BACUAG | E42: CABUGAO | F42: 1739639 | G42: 46009 | H42: 46111 | I42: ASTILLO | J42: SULFECIO JR. | K42: GERALDO | L42: 1.2874 | M42: 32185 | N42: 4 | O42: 356957 | Q42: 1137947 | S42: 25748 | T42: 4 - Booting Stg. (REPRODUCTIVE) | U42: 25748 | V42: =(DATE(2026,2,3)-'RICE_Insured Farms_with PPI Pol'!$G42)+IF('RICE_Insured Farms_with PPI Pol'!$H42<>'RICE_Insured Farms_with PPI Pol'!$G42,18,0) -> 65 | W42: {=IFS(V42>120, "Harvested", V42>=113, "Yellow Ripening", V42>=101, "Dough Stage", V42>=93, "Milking Stage", V42>=86, "Flowering", V42>=56, "Panicle Initiation/Booting", V42<56, "Vegetative/Tillering")} -> Panicle Initiation/Booting
A43: 42 | B43: RSBSA | C43: Agusan del Norte | D43: BUTUAN CITY | E43: BASAG | F43: 1761032 | G43: 46047 | H43: 46167 | I43: IDO | J43: MODESTO JR. | K43: BAJA | L43: 0.9633 | M43: 24082.5 | N43: 0 | O43: 21176 | Q43: 707660 | S43: 14449.5 | T43: 0 - S/T Stg (EARLY VEGETATIVE) | U43: 14449.5 | V43: =(DATE(2026,2,3)-'RICE_Insured Farms_with PPI Pol'!$G43)+IF('RICE_Insured Farms_with PPI Pol'!$H43<>'RICE_Insured Farms_with PPI Pol'!$G43,18,0) -> 27 | W43: {=IFS(V43>120, "Harvested", V43>=113, "Yellow Ripening", V43>=101, "Dough Stage", V43>=93, "Milking Stage", V43>=86, "Flowering", V43>=56, "Panicle Initiation/Booting", V43<56, "Vegetative/Tillering")} -> Vegetative/Tillering
A44: 43 | B44: RSBSA | C44: Agusan del Norte | D44: BUTUAN CITY | E44: AMPAYON | F44: 1760479 | G44: 46011 | H44: 46112 | I44: JALIQUE | J44: SALVACION | K44: CALIWAN | L44: 1.05 | M44: 26250 | N44: 3 | O44: 109132 | P44: 16-02-02-009-000025 | Q44: 707181 | S44: 21000 | T44: 3 - P. I. Stg. (REPRODUCTIVE) | U44: 21000 | V44: =(DATE(2026,2,3)-'RICE_Insured Farms_with PPI Pol'!$G44)+IF('RICE_Insured Farms_with PPI Pol'!$H44<>'RICE_Insured Farms_with PPI Pol'!$G44,18,0) -> 63 | W44: {=IFS(V44>120, "Harvested", V44>=113, "Yellow Ripening", V44>=101, "Dough Stage", V44>=93, "Milking Stage", V44>=86, "Flowering", V44>=56, "Panicle Initiation/Booting", V44<56, "Vegetative/Tillering")} -> Panicle Initiation/Booting
A45: 44 | B45: RSBSA | C45: Agusan del Norte | D45: BUTUAN CITY | E45: KINAMLUTAN | F45: 1760498 | G45: 46019 | H45: 46119 | I45: LOGAOS | J45: CONSTANCIA | K45: DIVINO | L45: 1 | M45: 25000 | N45: 3 | O45: 322314 | P45: 16-02-02-049-000108 | Q45: 598107 | S45: 20000 | T45: 3 - P. I. Stg. (REPRODUCTIVE) | U45: 20000 | V45: =(DATE(2026,2,3)-'RICE_Insured Farms_with PPI Pol'!$G45)+IF('RICE_Insured Farms_with PPI Pol'!$H45<>'RICE_Insured Farms_with PPI Pol'!$G45,18,0) -> 55 | W45: {=IFS(V45>120, "Harvested", V45>=113, "Yellow Ripening", V45>=101, "Dough Stage", V45>=93, "Milking Stage", V45>=86, "Flowering", V45>=56, "Panicle Initiation/Booting", V45<56, "Vegetative/Tillering")} -> Vegetative/Tillering
A46: 611 | B46: RSBSA | C46: Surigao del Norte | D46: BACUAG | E46: CABUGAO | F46: 1739652 | G46: 46009 | H46: 46111 | I46: BEJAR | J46: BIMBO | K46: GINGO | L46: 0.7181 | M46: 17952.5 | N46: 4 | O46: 334290 | P46: 16-67-02-001-000002 | Q46: 1138050 | S46: 14362 | T46: 4 - Booting Stg. (REPRODUCTIVE) | U46: 14362 | V46: =(DATE(2026,2,3)-'RICE_Insured Farms_with PPI Pol'!$G46)+IF('RICE_Insured Farms_with PPI Pol'!$H46<>'RICE_Insured Farms_with PPI Pol'!$G46,18,0) -> 65 | W46: {=IFS(V46>120, "Harvested", V46>=113, "Yellow Ripening", V46>=101, "Dough Stage", V46>=93, "Milking Stage", V46>=86, "Flowering", V46>=56, "Panicle Initiation/Booting", V46<56, "Vegetative/Tillering")} -> Panicle Initiation/Booting
A47: 46 | B47: RSBSA | C47: Agusan del Norte | D47: BUTUAN CITY | E47: ANTONGALON | F47: 1760476 | G47: 46013 | H47: 46116 | I47: LUCERO | J47: CHARLITO | K47: ROSETE | L47: 1.1263 | M47: 28157.5 | N47: 3 | O47: 192792 | P47: 16-02-02-009-000029 | Q47: 603962 | S47: 22526 | T47: 3 - P. I. Stg. (REPRODUCTIVE) | U47: 22526 | V47: =(DATE(2026,2,3)-'RICE_Insured Farms_with PPI Pol'!$G47)+IF('RICE_Insured Farms_with PPI Pol'!$H47<>'RICE_Insured Farms_with PPI Pol'!$G47,18,0) -> 61 | W47: {=IFS(V47>120, "Harvested", V47>=113, "Yellow Ripening", V47>=101, "Dough Stage", V47>=93, "Milking Stage", V47>=86, "Flowering", V47>=56, "Panicle Initiation/Booting", V47<56, "Vegetative/Tillering")} -> Panicle Initiation/Booting
A48: 779 | B48: RSBSA | C48: Surigao del Norte | D48: BACUAG | E48: PAUTAO | F48: 1739642 | G48: 46018 | H48: 46110 | I48: DALAGAN | J48: RICHIE | K48: L. | L48: 0.7053 | M48: 17632.5 | N48: 4 | O48: 127353 | Q48: 1137727 | S48: 14106 | T48: 4 - Booting Stg. (REPRODUCTIVE) | U48: 14106 | V48: =(DATE(2026,2,3)-'RICE_Insured Farms_with PPI Pol'!$G48)+IF('RICE_Insured Farms_with PPI Pol'!$H48<>'RICE_Insured Farms_with PPI Pol'!$G48,18,0) -> 56 | W48: {=IFS(V48>120, "Harvested", V48>=113, "Yellow Ripening", V48>=101, "Dough Stage", V48>=93, "Milking Stage", V48>=86, "Flowering", V48>=56, "Panicle Initiation/Booting", V48<56, "Vegetative/Tillering")} -> Panicle Initiation/Booting
A49: 48 | B49: RSBSA | C49: Agusan del Norte | D49: BUTUAN CITY | E49: BASAG | F49: 1761030 | G49: 46021 | H49: 46141 | I49: MANTE | J49: NOEL | K49: MANTILLA | L49: 1.0209 | M49: 25522.5 | N49: 2 | O49: 192090 | P49: 16-02-02-019-000394 | Q49: 723885 | S49: 17865.75 | T49: 2 - Mx. Tl. Stg. (LATE VEGETATIVE) | U49: 17865.75 | V49: =(DATE(2026,2,3)-'RICE_Insured Farms_with PPI Pol'!$G49)+IF('RICE_Insured Farms_with PPI Pol'!$H49<>'RICE_Insured Farms_with PPI Pol'!$G49,18,0) -> 53 | W49: {=IFS(V49>120, "Harvested", V49>=113, "Yellow Ripening", V49>=101, "Dough Stage", V49>=93, "Milking Stage", V49>=86, "Flowering", V49>=56, "Panicle Initiation/Booting", V49<56, "Vegetative/Tillering")} -> Vegetative/Tillering
A50: 49 | B50: RSBSA | C50: Agusan del Norte | D50: BUTUAN CITY | E50: ANTONGALON | F50: 1760479 | G50: 46015 | H50: 46116 | I50: MAQUILING | J50: MILDRED | K50: CARIN | L50: 2.0219 | M50: 50547.5 | N50: 3 | O50: 294849 | P50: 16-02-02-009-000047 | Q50: 602932 | S50: 40438 | T50: 3 - P. I. Stg. (REPRODUCTIVE) | U50: 40438 | V50: =(DATE(2026,2,3)-'RICE_Insured Farms_with PPI Pol'!$G50)+IF('RICE_Insured Farms_with PPI Pol'!$H50<>'RICE_Insured Farms_with PPI Pol'!$G50,18,0) -> 59 | W50: {=IFS(V50>120, "Harvested", V50>=113, "Yellow Ripening", V50>=101, "Dough Stage", V50>=93, "Milking Stage", V50>=86, "Flowering", V50>=56, "Panicle Initiation/Booting", V50<56, "Vegetative/Tillering")} -> Panicle Initiation/Booting
A51: 50 | B51: RSBSA | C51: Agusan del Norte | D51: BUTUAN CITY | E51: ANTONGALON | F51: 1760476 | G51: 46014 | H51: 46117 | I51: NAVARRO | J51: DANILO | K51: LAGUNDA | L51: 1.0133 | M51: 25332.5 | N51: 3 | O51: 122897 | P51: 16-02-02-009-000039 | Q51: 603996 | S51: 20266 | T51: 3 - P. I. Stg. (REPRODUCTIVE) | U51: 20266 | V51: =(DATE(2026,2,3)-'RICE_Insured Farms_with PPI Pol'!$G51)+IF('RICE_Insured Farms_with PPI Pol'!$H51<>'RICE_Insured Farms_with PPI Pol'!$G51,18,0) -> 60 | W51: {=IFS(V51>120, "Harvested", V51>=113, "Yellow Ripening", V51>=101, "Dough Stage", V51>=93, "Milking Stage", V51>=86, "Flowering", V51>=56, "Panicle Initiation/Booting", V51<56, "Vegetative/Tillering")} -> Panicle Initiation/Booting
A52: 51 | B52: RSBSA | C52: Agusan del Norte | D52: BUTUAN CITY | E52: ANTONGALON | F52: 1760476 | G52: 46014 | H52: 46134 | I52: NAVARRO | J52: DEMETRIO | K52: L | L52: 0.9766 | M52: 24415 | N52: 2 | O52: 294860 | P52: 16-02-02-009-000049 | Q52: 602933 | S52: 17090.5 | T52: 2 - Mx. Tl. Stg. (LATE VEGETATIVE) | U52: 17090.5 | V52: =(DATE(2026,2,3)-'RICE_Insured Farms_with PPI Pol'!$G52)+IF('RICE_Insured Farms_with PPI Pol'!$H52<>'RICE_Insured Farms_with PPI Pol'!$G52,18,0) -> 60 | W52: {=IFS(V52>120, "Harvested", V52>=113, "Yellow Ripening", V52>=101, "Dough Stage", V52>=93, "Milking Stage", V52>=86, "Flowering", V52>=56, "Panicle Initiation/Booting", V52<56, "Vegetative/Tillering")} -> Panicle Initiation/Booting
A53: 52 | B53: RSBSA | C53: Agusan del Norte | D53: BUTUAN CITY | E53: ANTONGALON | F53: 1760478 | G53: 46011 | H53: 46112 | I53: PAULIN | J53: EDGARDO | K53: CAï¿½ONERO | L53: 1 | M53: 25000 | N53: 3 | O53: 16081 | P53: 16-02-02-009-000040 | Q53: 569735 | S53: 20000 | T53: 3 - P. I. Stg. (REPRODUCTIVE) | U53: 20000 | V53: =(DATE(2026,2,3)-'RICE_Insured Farms_with PPI Pol'!$G53)+IF('RICE_Insured Farms_with PPI Pol'!$H53<>'RICE_Insured Farms_with PPI Pol'!$G53,18,0) -> 63 | W53: {=IFS(V53>120, "Harvested", V53>=113, "Yellow Ripening", V53>=101, "Dough Stage", V53>=93, "Milking Stage", V53>=86, "Flowering", V53>=56, "Panicle Initiation/Booting", V53<56, "Vegetative/Tillering")} -> Panicle Initiation/Booting
A54: 53 | B54: RSBSA | C54: Agusan del Norte | D54: BUTUAN CITY | E54: LEMON | F54: 1760459 | G54: 46019 | H54: 46114 | I54: PERPAS | J54: NESTOR | K54: PANES | L54: 0.8454 | M54: 21135 | N54: 3 | O54: 309497 | P54: 16-02-02-052-000077 | Q54: 603509 | S54: 16908 | T54: 3 - P. I. Stg. (REPRODUCTIVE) | U54: 16908 | V54: =(DATE(2026,2,3)-'RICE_Insured Farms_with PPI Pol'!$G54)+IF('RICE_Insured Farms_with PPI Pol'!$H54<>'RICE_Insured Farms_with PPI Pol'!$G54,18,0) -> 55 | W54: {=IFS(V54>120, "Harvested", V54>=113, "Yellow Ripening", V54>=101, "Dough Stage", V54>=93, "Milking Stage", V54>=86, "Flowering", V54>=56, "Panicle Initiation/Booting", V54<56, "Vegetative/Tillering")} -> Vegetative/Tillering
A55: 54 | B55: RSBSA | C55: Agusan del Norte | D55: BUTUAN CITY | E55: BASAG | F55: 1760483 | G55: 46017 | H55: 46112 | I55: POLISTICO | J55: MARIO | K55: DAGUPLO | L55: 1.5 | M55: 37500 | N55: 3 | O55: 233569 | P55: 16-02-02-019-000393 | Q55: 613600 | S55: 30000 | T55: 3 - P. I. Stg. (REPRODUCTIVE) | U55: 30000 | V55: =(DATE(2026,2,3)-'RICE_Insured Farms_with PPI Pol'!$G55)+IF('RICE_Insured Farms_with PPI Pol'!$H55<>'RICE_Insured Farms_with PPI Pol'!$G55,18,0) -> 57 | W55: {=IFS(V55>120, "Harvested", V55>=113, "Yellow Ripening", V55>=101, "Dough Stage", V55>=93, "Milking Stage", V55>=86, "Flowering", V55>=56, "Panicle Initiation/Booting", V55<56, "Vegetative/Tillering")} -> Panicle Initiation/Booting
A56: 55 | B56: RSBSA | C56: Agusan del Norte | D56: BUTUAN CITY | E56: BASAG | F56: 1761031 | G56: 46035 | H56: 46137 | I56: SENCIL | J56: CONRADO JR. | K56: ACAS | L56: 1.8054 | M56: 45135 | N56: 2 | O56: 332187 | Q56: 705939 | S56: 31594.5 | T56: 2 - Mx. Tl. Stg. (LATE VEGETATIVE) | U56: 31594.5 | V56: =(DATE(2026,2,3)-'RICE_Insured Farms_with PPI Pol'!$G56)+IF('RICE_Insured Farms_with PPI Pol'!$H56<>'RICE_Insured Farms_with PPI Pol'!$G56,18,0) -> 39 | W56: {=IFS(V56>120, "Harvested", V56>=113, "Yellow Ripening", V56>=101, "Dough Stage", V56>=93, "Milking Stage", V56>=86, "Flowering", V56>=56, "Panicle Initiation/Booting", V56<56, "Vegetative/Tillering")} -> Vegetative/Tillering
A57: 56 | B57: RSBSA | C57: Agusan del Norte | D57: BUTUAN CITY | E57: ANTONGALON | F57: 1760478 | G57: 46011 | H57: 46121 | I57: SOBREDO | J57: LUCIANA | K57: CASINILLO | L57: 0.8049 | M57: 20122.5 | N57: 3 | O57: 233279 | P57: 16-02-02-009-000215 | Q57: 611659 | S57: 16098 | T57: 3 - P. I. Stg. (REPRODUCTIVE) | U57: 16098 | V57: =(DATE(2026,2,3)-'RICE_Insured Farms_with PPI Pol'!$G57)+IF('RICE_Insured Farms_with PPI Pol'!$H57<>'RICE_Insured Farms_with PPI Pol'!$G57,18,0) -> 63 | W57: {=IFS(V57>120, "Harvested", V57>=113, "Yellow Ripening", V57>=101, "Dough Stage", V57>=93, "Milking Stage", V57>=86, "Flowering", V57>=56, "Panicle Initiation/Booting", V57<56, "Vegetative/Tillering")} -> Panicle Initiation/Booting
A58: 801 | B58: RSBSA | C58: Surigao del Norte | D58: BACUAG | E58: CABUGAO | F58: 1739640 | G58: 46006 | H58: 46108 | I58: DELA CRUZ | J58: EDEN | K58: HANDAYAN | L58: 0.4984 | M58: 12460 | N58: 4 | O58: 387138 | P58: 16-67-02-001-000317 | Q58: 1138128 | S58: 9968 | T58: 4 - Booting Stg. (REPRODUCTIVE) | U58: 9968 | V58: =(DATE(2026,2,3)-'RICE_Insured Farms_with PPI Pol'!$G58)+IF('RICE_Insured Farms_with PPI Pol'!$H58<>'RICE_Insured Farms_with PPI Pol'!$G58,18,0) -> 68 | W58: {=IFS(V58>120, "Harvested", V58>=113, "Yellow Ripening", V58>=101, "Dough Stage", V58>=93, "Milking Stage", V58>=86, "Flowering", V58>=56, "Panicle Initiation/Booting", V58<56, "Vegetative/Tillering")} -> Panicle Initiation/Booting
A59: 58 | B59: RSBSA | C59: Agusan del Norte | D59: BUTUAN CITY | E59: TINIWISAN | F59: 1761019 | G59: 46017 | H59: 46112 | I59: TINGCOY | J59: JONATHAN | K59: LABASTIDA | L59: 1.0831 | M59: 27077.5 | N59: 3 | O59: 202253 | P59: 16-02-02-086-000130 | Q59: 726584 | S59: 21662 | T59: 3 - P. I. Stg. (REPRODUCTIVE) | U59: 21662 | V59: =(DATE(2026,2,3)-'RICE_Insured Farms_with PPI Pol'!$G59)+IF('RICE_Insured Farms_with PPI Pol'!$H59<>'RICE_Insured Farms_with PPI Pol'!$G59,18,0) -> 57 | W59: {=IFS(V59>120, "Harvested", V59>=113, "Yellow Ripening", V59>=101, "Dough Stage", V59>=93, "Milking Stage", V59>=86, "Flowering", V59>=56, "Panicle Initiation/Booting", V59<56, "Vegetative/Tillering")} -> Panicle Initiation/Booting
A60: 59 | B60: RSBSA | C60: Agusan del Norte | D60: BUTUAN CITY | E60: BASAG | F60: 1761032 | G60: 46047 | H60: 46167 | I60: TODAVIA | J60: PIO JR | K60: SORIA | L60: 1.3654 | M60: 34135 | N60: 0 | O60: 113184 | Q60: 647406 | S60: 20481 | T60: 0 - S/T Stg (EARLY VEGETATIVE) | U60: 20481 | V60: =(DATE(2026,2,3)-'RICE_Insured Farms_with PPI Pol'!$G60)+IF('RICE_Insured Farms_with PPI Pol'!$H60<>'RICE_Insured Farms_with PPI Pol'!$G60,18,0) -> 27 | W60: {=IFS(V60>120, "Harvested", V60>=113, "Yellow Ripening", V60>=101, "Dough Stage", V60>=93, "Milking Stage", V60>=86, "Flowering", V60>=56, "Panicle Initiation/Booting", V60<56, "Vegetative/Tillering")} -> Vegetative/Tillering
A61: 60 | B61: RSBSA | C61: Agusan del Norte | D61: BUTUAN CITY | E61: LEMON | F61: 1760459 | G61: 46015 | H61: 46112 | I61: VELASCO | J61: RICARDO | K61: DELA CRUZ | L61: 0.9967 | M61: 24917.5 | N61: 3 | O61: 127466 | Q61: 557350 | S61: 19934 | T61: 3 - P. I. Stg. (REPRODUCTIVE) | U61: 19934 | V61: =(DATE(2026,2,3)-'RICE_Insured Farms_with PPI Pol'!$G61)+IF('RICE_Insured Farms_with PPI Pol'!$H61<>'RICE_Insured Farms_with PPI Pol'!$G61,18,0) -> 59 | W61: {=IFS(V61>120, "Harvested", V61>=113, "Yellow Ripening", V61>=101, "Dough Stage", V61>=93, "Milking Stage", V61>=86, "Flowering", V61>=56, "Panicle Initiation/Booting", V61<56, "Vegetative/Tillering")} -> Panicle Initiation/Booting
A62: 61 | B62: RSBSA | C62: Agusan del Norte | D62: BUTUAN CITY | E62: BASAG | F62: 1761030 | G62: 46030 | H62: 46125 | I62: YAGONG | J62: CRISTINA | K62: BERMOY | L62: 0.67 | M62: 16750 | N62: 3 | O62: 315450 | P62: 16-02-02-019-000335 | Q62: 697220 | S62: 13400 | T62: 3 - P. I. Stg. (REPRODUCTIVE) | U62: 13400 | V62: =(DATE(2026,2,3)-'RICE_Insured Farms_with PPI Pol'!$G62)+IF('RICE_Insured Farms_with PPI Pol'!$H62<>'RICE_Insured Farms_with PPI Pol'!$G62,18,0) -> 44 | W62: {=IFS(V62>120, "Harvested", V62>=113, "Yellow Ripening", V62>=101, "Dough Stage", V62>=93, "Milking Stage", V62>=86, "Flowering", V62>=56, "Panicle Initiation/Booting", V62<56, "Vegetative/Tillering")} -> Vegetative/Tillering
A63: 62 | B63: RSBSA | C63: Surigao del Norte | D63: GIGAQUIT | E63: MAHANUB | F63: 1739586 | G63: 46021 | H63: 46123 | I63: ABARICO | J63: REPARADA | K63: CUARIO | L63: 0.4 | M63: 10000 | N63: 3 | O63: 192875 | P63: 16-67-11-010-000257 | Q63: 957361 | S63: 8000 | T63: 3 - P. I. Stg. (REPRODUCTIVE) | U63: 8000 | V63: =(DATE(2026,2,3)-'RICE_Insured Farms_with PPI Pol'!$G63)+IF('RICE_Insured Farms_with PPI Pol'!$H63<>'RICE_Insured Farms_with PPI Pol'!$G63,18,0) -> 53 | W63: {=IFS(V63>120, "Harvested", V63>=113, "Yellow Ripening", V63>=101, "Dough Stage", V63>=93, "Milking Stage", V63>=86, "Flowering", V63>=56, "Panicle Initiation/Booting", V63<56, "Vegetative/Tillering")} -> Vegetative/Tillering
A64: 63 | B64: RSBSA | C64: Surigao del Norte | D64: GIGAQUIT | E64: CAM-BOAYON | F64: 1739590 | G64: 46015 | H64: 46117 | I64: AGUILAR | J64: RECHEEL | K64: B. | L64: 0.5 | M64: 12500 | N64: 3 | O64: 436602 | P64: 16-67-11-004-000052 | Q64: 968311 | S64: 10000 | T64: 3 - P. I. Stg. (REPRODUCTIVE) | U64: 10000 | V64: =(DATE(2026,2,3)-'RICE_Insured Farms_with PPI Pol'!$G64)+IF('RICE_Insured Farms_with PPI Pol'!$H64<>'RICE_Insured Farms_with PPI Pol'!$G64,18,0) -> 59 | W64: {=IFS(V64>120, "Harvested", V64>=113, "Yellow Ripening", V64>=101, "Dough Stage", V64>=93, "Milking Stage", V64>=86, "Flowering", V64>=56, "Panicle Initiation/Booting", V64<56, "Vegetative/Tillering")} -> Panicle Initiation/Booting
A65: 64 | B65: RSBSA | C65: Surigao del Norte | D65: GIGAQUIT | E65: SAN ISIDRO | F65: 1739581 | G65: 46011 | H65: 46113 | I65: ASUMEN | J65: RESTITUTA | K65: S. | L65: 0.7 | M65: 17500 | N65: 3 | O65: 187871 | P65: 16-67-11-010-000309 | Q65: 1050268 | S65: 14000 | T65: 3 - P. I. Stg. (REPRODUCTIVE) | U65: 14000 | V65: =(DATE(2026,2,3)-'RICE_Insured Farms_with PPI Pol'!$G65)+IF('RICE_Insured Farms_with PPI Pol'!$H65<>'RICE_Insured Farms_with PPI Pol'!$G65,18,0) -> 63 | W65: {=IFS(V65>120, "Harvested", V65>=113, "Yellow Ripening", V65>=101, "Dough Stage", V65>=93, "Milking Stage", V65>=86, "Flowering", V65>=56, "Panicle Initiation/Booting", V65<56, "Vegetative/Tillering")} -> Panicle Initiation/Booting
A66: 65 | B66: RSBSA | C66: Surigao del Norte | D66: GIGAQUIT | E66: SAN ISIDRO | F66: 1739581 | G66: 46011 | H66: 46113 | I66: ASUMEN | J66: RESTITUTA | K66: S. | L66: 0.9 | M66: 22500 | N66: 3 | O66: 187871 | P66: 16-67-11-010-000309 | Q66: 646635 | S66: 18000 | T66: 3 - P. I. Stg. (REPRODUCTIVE) | U66: 18000 | V66: =(DATE(2026,2,3)-'RICE_Insured Farms_with PPI Pol'!$G66)+IF('RICE_Insured Farms_with PPI Pol'!$H66<>'RICE_Insured Farms_with PPI Pol'!$G66,18,0) -> 63 | W66: {=IFS(V66>120, "Harvested", V66>=113, "Yellow Ripening", V66>=101, "Dough Stage", V66>=93, "Milking Stage", V66>=86, "Flowering", V66>=56, "Panicle Initiation/Booting", V66<56, "Vegetative/Tillering")} -> Panicle Initiation/Booting
A67: 66 | B67: RSBSA | C67: Agusan del Sur | D67: BUNAWAN | E67: LIBERTAD | F67: 1740740 | G67: 46042 | H67: 46137 | I67: BAGSAIN | J67: GINA | K67: FAENSOLIN | L67: 0.8934 | M67: 22335 | N67: 2 | O67: 185730 | Q67: 895863 | S67: 15634.5 | T67: 2 - Mx. Tl. Stg. (LATE VEGETATIVE) | U67: 15634.5 | V67: =(DATE(2026,2,3)-'RICE_Insured Farms_with PPI Pol'!$G67)+IF('RICE_Insured Farms_with PPI Pol'!$H67<>'RICE_Insured Farms_with PPI Pol'!$G67,18,0) -> 32 | W67: {=IFS(V67>120, "Harvested", V67>=113, "Yellow Ripening", V67>=101, "Dough Stage", V67>=93, "Milking Stage", V67>=86, "Flowering", V67>=56, "Panicle Initiation/Booting", V67<56, "Vegetative/Tillering")} -> Vegetative/Tillering
A68: 67 | B68: RSBSA | C68: Agusan del Norte | D68: BUENAVISTA | E68: MATABAO | F68: 1741165 | G68: 46015 | H68: 46110 | I68: BALANSAG | J68: ANNILEE | K68: CAJELES | L68: 0.4145 | M68: 10362.5 | N68: 4 | O68: 122316 | P68: 16-02-01-011-000178 | Q68: 1085574 | S68: 8290 | T68: 4 - Booting Stg. (REPRODUCTIVE) | U68: 8290 | V68: =(DATE(2026,2,3)-'RICE_Insured Farms_with PPI Pol'!$G68)+IF('RICE_Insured Farms_with PPI Pol'!$H68<>'RICE_Insured Farms_with PPI Pol'!$G68,18,0) -> 59 | W68: {=IFS(V68>120, "Harvested", V68>=113, "Yellow Ripening", V68>=101, "Dough Stage", V68>=93, "Milking Stage", V68>=86, "Flowering", V68>=56, "Panicle Initiation/Booting", V68<56, "Vegetative/Tillering")} -> Panicle Initiation/Booting
A69: 68 | B69: RSBSA | C69: Surigao del Norte | D69: SURIGAO CITY | E69: RIZAL | F69: 1760035 | G69: 46032 | H69: 46134 | I69: BALUTAN | J69: MERNALYN | K69: TALISAY | L69: 0.4046 | M69: 10115 | N69: 2 | O69: 204556 | P69: 16-67-24-037-000033 | Q69: 784577 | S69: 7080.5 | T69: 2 - Mx. Tl. Stg. (LATE VEGETATIVE) | U69: 7080.5 | V69: =(DATE(2026,2,3)-'RICE_Insured Farms_with PPI Pol'!$G69)+IF('RICE_Insured Farms_with PPI Pol'!$H69<>'RICE_Insured Farms_with PPI Pol'!$G69,18,0) -> 42 | W69: {=IFS(V69>120, "Harvested", V69>=113, "Yellow Ripening", V69>=101, "Dough Stage", V69>=93, "Milking Stage", V69>=86, "Flowering", V69>=56, "Panicle Initiation/Booting", V69<56, "Vegetative/Tillering")} -> Vegetative/Tillering
A70: 69 | B70: RSBSA | C70: Surigao del Norte | D70: SURIGAO CITY | E70: RIZAL | F70: 1760031 | G70: 46027 | H70: 46129 | I70: BARRI | J70: ELIZABETH | K70: EGOT | L70: 0.3988 | M70: 9970 | N70: 2 | O70: 200187 | P70: 16-67-24-037-000084 | Q70: 1012616 | S70: 6979 | T70: 2 - Mx. Tl. Stg. (LATE VEGETATIVE) | U70: 6979 | V70: =(DATE(2026,2,3)-'RICE_Insured Farms_with PPI Pol'!$G70)+IF('RICE_Insured Farms_with PPI Pol'!$H70<>'RICE_Insured Farms_with PPI Pol'!$G70,18,0) -> 47 | W70: {=IFS(V70>120, "Harvested", V70>=113, "Yellow Ripening", V70>=101, "Dough Stage", V70>=93, "Milking Stage", V70>=86, "Flowering", V70>=56, "Panicle Initiation/Booting", V70<56, "Vegetative/Tillering")} -> Vegetative/Tillering
A71: 70 | B71: RSBSA | C71: Agusan del Norte | D71: MAGALLANES | E71: TAOD-OY | F71: 1760466 | G71: 46024 | H71: 46119 | I71: BOLOTAOLO | J71: MODESTA | K71: TIEMPO | L71: 1 | M71: 25000 | N71: 3 | O71: 230847 | P71: 16-02-08-008-000378 | Q71: 873353 | S71: 20000 | T71: 3 - P. I. Stg. (REPRODUCTIVE) | U71: 20000 | V71: =(DATE(2026,2,3)-'RICE_Insured Farms_with PPI Pol'!$G71)+IF('RICE_Insured Farms_with PPI Pol'!$H71<>'RICE_Insured Farms_with PPI Pol'!$G71,18,0) -> 50 | W71: {=IFS(V71>120, "Harvested", V71>=113, "Yellow Ripening", V71>=101, "Dough Stage", V71>=93, "Milking Stage", V71>=86, "Flowering", V71>=56, "Panicle Initiation/Booting", V71<56, "Vegetative/Tillering")} -> Vegetative/Tillering
A72: 71 | B72: RSBSA | C72: Agusan del Norte | D72: REMEDIOS T. ROMUALDEZ | E72: POBLACION II | F72: 1192155 | G72: 46012 | H72: 46472 | I72: BONGAOS | J72: LEVI | K72: ANTEGRA | L72: 0.9513 | M72: 23782.5 | N72: 0 | O72: 229159 | P72: 16-02-12-002-000035 | Q72: 1033691 | S72: 14269.5 | T72: 0 - S/T Stg (EARLY VEGETATIVE) | U72: 14269.5 | V72: =(DATE(2026,2,3)-'RICE_Insured Farms_with PPI Pol'!$G72)+IF('RICE_Insured Farms_with PPI Pol'!$H72<>'RICE_Insured Farms_with PPI Pol'!$G72,18,0) -> 62 | W72: {=IFS(V72>120, "Harvested", V72>=113, "Yellow Ripening", V72>=101, "Dough Stage", V72>=93, "Milking Stage", V72>=86, "Flowering", V72>=56, "Panicle Initiation/Booting", V72<56, "Vegetative/Tillering")} -> Panicle Initiation/Booting
A73: 72 | B73: RSBSA | C73: Surigao del Sur | D73: MADRID | E73: BAYOGO | F73: 1741543 | G73: 46022 | H73: 46121 | I73: BONGCAYAO | J73: TEODULO JR. | K73: TANGHAL | L73: 2 | M73: 50000 | N73: 3 | O73: 5801 | Q73: 955764 | S73: 40000 | T73: 3 - P. I. Stg. (REPRODUCTIVE) | U73: 40000 | V73: =(DATE(2026,2,3)-'RICE_Insured Farms_with PPI Pol'!$G73)+IF('RICE_Insured Farms_with PPI Pol'!$H73<>'RICE_Insured Farms_with PPI Pol'!$G73,18,0) -> 52 | W73: {=IFS(V73>120, "Harvested", V73>=113, "Yellow Ripening", V73>=101, "Dough Stage", V73>=93, "Milking Stage", V73>=86, "Flowering", V73>=56, "Panicle Initiation/Booting", V73<56, "Vegetative/Tillering")} -> Vegetative/Tillering
A74: 73 | B74: RSBSA | C74: Surigao del Norte | D74: SURIGAO CITY | E74: RIZAL | F74: 1760036 | G74: 46031 | H74: 46133 | I74: BURDAS | J74: REYMUALDO | K74: M | L74: 0.1829 | M74: 4572.5 | N74: 2 | O74: 119574 | P74: 16-67-24-037-000035 | Q74: 966622 | S74: 3200.75 | T74: 2 - Mx. Tl. Stg. (LATE VEGETATIVE) | U74: 3200.75 | V74: =(DATE(2026,2,3)-'RICE_Insured Farms_with PPI Pol'!$G74)+IF('RICE_Insured Farms_with PPI Pol'!$H74<>'RICE_Insured Farms_with PPI Pol'!$G74,18,0) -> 43 | W74: {=IFS(V74>120, "Harvested", V74>=113, "Yellow Ripening", V74>=101, "Dough Stage", V74>=93, "Milking Stage", V74>=86, "Flowering", V74>=56, "Panicle Initiation/Booting", V74<56, "Vegetative/Tillering")} -> Vegetative/Tillering
A75: 74 | B75: RSBSA | C75: Surigao del Norte | D75: SURIGAO CITY | E75: RIZAL | F75: 1760036 | G75: 46031 | H75: 46133 | I75: BURDAS | J75: REYMUALDO | K75: M | L75: 0.1528 | M75: 3820 | N75: 2 | O75: 119574 | P75: 16-67-24-037-000035 | Q75: 966623 | S75: 2674 | T75: 2 - Mx. Tl. Stg. (LATE VEGETATIVE) | U75: 2674 | V75: =(DATE(2026,2,3)-'RICE_Insured Farms_with PPI Pol'!$G75)+IF('RICE_Insured Farms_with PPI Pol'!$H75<>'RICE_Insured Farms_with PPI Pol'!$G75,18,0) -> 43 | W75: {=IFS(V75>120, "Harvested", V75>=113, "Yellow Ripening", V75>=101, "Dough Stage", V75>=93, "Milking Stage", V75>=86, "Flowering", V75>=56, "Panicle Initiation/Booting", V75<56, "Vegetative/Tillering")} -> Vegetative/Tillering
A76: 75 | B76: RSBSA | C76: Surigao del Norte | D76: BACUAG | E76: POBLACION | F76: 1739646 | G76: 46021 | H76: 46123 | I76: CACHERO | J76: GEMMA | K76: MADELO | L76: 0.2912 | M76: 7280 | N76: 3 | O76: 312884 | P76: 16-67-02-007-000452 | Q76: 1036760 | S76: 5824 | T76: 3 - P. I. Stg. (REPRODUCTIVE) | U76: 5824 | V76: =(DATE(2026,2,3)-'RICE_Insured Farms_with PPI Pol'!$G76)+IF('RICE_Insured Farms_with PPI Pol'!$H76<>'RICE_Insured Farms_with PPI Pol'!$G76,18,0) -> 53 | W76: {=IFS(V76>120, "Harvested", V76>=113, "Yellow Ripening", V76>=101, "Dough Stage", V76>=93, "Milking Stage", V76>=86, "Flowering", V76>=56, "Panicle Initiation/Booting", V76<56, "Vegetative/Tillering")} -> Vegetative/Tillering
A77: 76 | B77: RSBSA | C77: Surigao del Norte | D77: BACUAG | E77: POBLACION | F77: 1739646 | G77: 46021 | H77: 46123 | I77: CACHERO | J77: GEMMA | K77: MADELO | L77: 0.254 | M77: 6350 | N77: 3 | O77: 312884 | P77: 16-67-02-007-000452 | Q77: 1036761 | S77: 5080 | T77: 3 - P. I. Stg. (REPRODUCTIVE) | U77: 5080 | V77: =(DATE(2026,2,3)-'RICE_Insured Farms_with PPI Pol'!$G77)+IF('RICE_Insured Farms_with PPI Pol'!$H77<>'RICE_Insured Farms_with PPI Pol'!$G77,18,0) -> 53 | W77: {=IFS(V77>120, "Harvested", V77>=113, "Yellow Ripening", V77>=101, "Dough Stage", V77>=93, "Milking Stage", V77>=86, "Flowering", V77>=56, "Panicle Initiation/Booting", V77<56, "Vegetative/Tillering")} -> Vegetative/Tillering
A78: 77 | B78: RSBSA | C78: Surigao del Norte | D78: BACUAG | E78: POBLACION | F78: 1739646 | G78: 46021 | H78: 46123 | I78: CACHERO | J78: GEMMA | K78: MADELO | L78: 0.551 | M78: 13775 | N78: 3 | O78: 312884 | P78: 16-67-02-007-000452 | Q78: 1036762 | S78: 11020 | T78: 3 - P. I. Stg. (REPRODUCTIVE) | U78: 11020 | V78: =(DATE(2026,2,3)-'RICE_Insured Farms_with PPI Pol'!$G78)+IF('RICE_Insured Farms_with PPI Pol'!$H78<>'RICE_Insured Farms_with PPI Pol'!$G78,18,0) -> 53 | W78: {=IFS(V78>120, "Harvested", V78>=113, "Yellow Ripening", V78>=101, "Dough Stage", V78>=93, "Milking Stage", V78>=86, "Flowering", V78>=56, "Panicle Initiation/Booting", V78<56, "Vegetative/Tillering")} -> Vegetative/Tillering
A79: 78 | B79: RSBSA | C79: Surigao del Norte | D79: GIGAQUIT | E79: SAN ISIDRO | F79: 1739591 | G79: 46021 | H79: 46113 | I79: CANDA | J79: DEOGRACIA | K79: LATORRE | L79: 1.6696 | M79: 41740 | N79: 3 | O79: 199050 | P79: 16-67-11-010-000108 | Q79: 1029471 | S79: 33392 | T79: 3 - P. I. Stg. (REPRODUCTIVE) | U79: 33392 | V79: =(DATE(2026,2,3)-'RICE_Insured Farms_with PPI Pol'!$G79)+IF('RICE_Insured Farms_with PPI Pol'!$H79<>'RICE_Insured Farms_with PPI Pol'!$G79,18,0) -> 53 | W79: {=IFS(V79>120, "Harvested", V79>=113, "Yellow Ripening", V79>=101, "Dough Stage", V79>=93, "Milking Stage", V79>=86, "Flowering", V79>=56, "Panicle Initiation/Booting", V79<56, "Vegetative/Tillering")} -> Vegetative/Tillering
A80: 79 | B80: RSBSA | C80: Surigao del Sur | D80: TAGO | E80: BAJAO | F80: 1740212 | G80: 46060 | H80: 46159 | I80: CONIA | J80: NELSON | K80: ARAï¿½O | L80: 1.0443 | M80: 26107.5 | N80: 1 | O80: 3273 | P80: 16-68-18-005-000186 | Q80: 1034909 | S80: 15664.5 | T80: 1 - Mn. Tl. Stg. (EARLY VEGETATIVE) | U80: 15664.5 | V80: =(DATE(2026,2,3)-'RICE_Insured Farms_with PPI Pol'!$G80)+IF('RICE_Insured Farms_with PPI Pol'!$H80<>'RICE_Insured Farms_with PPI Pol'!$G80,18,0) -> 14 | W80: {=IFS(V80>120, "Harvested", V80>=113, "Yellow Ripening", V80>=101, "Dough Stage", V80>=93, "Milking Stage", V80>=86, "Flowering", V80>=56, "Panicle Initiation/Booting", V80<56, "Vegetative/Tillering")} -> Vegetative/Tillering
A81: 80 | B81: RSBSA | C81: Surigao del Norte | D81: GIGAQUIT | E81: SAN ISIDRO | F81: 1739581 | G81: 46011 | H81: 46113 | I81: CUASITO | J81: FLORENCIA | K81: BANGGA | L81: 1.2071 | M81: 30177.5 | N81: 3 | O81: 187344 | P81: 16-67-11-010-000122 | Q81: 695952 | S81: 24142 | T81: 3 - P. I. Stg. (REPRODUCTIVE) | U81: 24142 | V81: =(DATE(2026,2,3)-'RICE_Insured Farms_with PPI Pol'!$G81)+IF('RICE_Insured Farms_with PPI Pol'!$H81<>'RICE_Insured Farms_with PPI Pol'!$G81,18,0) -> 63 | W81: {=IFS(V81>120, "Harvested", V81>=113, "Yellow Ripening", V81>=101, "Dough Stage", V81>=93, "Milking Stage", V81>=86, "Flowering", V81>=56, "Panicle Initiation/Booting", V81<56, "Vegetative/Tillering")} -> Panicle Initiation/Booting
A82: 81 | B82: RSBSA | C82: Surigao del Norte | D82: SURIGAO CITY | E82: LUNA | F82: 1760022 | G82: 46023 | H82: 46125 | I82: DAHUG | J82: MARGARITA | K82: PACOT | L82: 0.5568 | M82: 13920 | N82: 3 | O82: 328387 | P82: 16-67-24-026-000016 | Q82: 684065 | S82: 11136 | T82: 3 - P. I. Stg. (REPRODUCTIVE) | U82: 11136 | V82: =(DATE(2026,2,3)-'RICE_Insured Farms_with PPI Pol'!$G82)+IF('RICE_Insured Farms_with PPI Pol'!$H82<>'RICE_Insured Farms_with PPI Pol'!$G82,18,0) -> 51 | W82: {=IFS(V82>120, "Harvested", V82>=113, "Yellow Ripening", V82>=101, "Dough Stage", V82>=93, "Milking Stage", V82>=86, "Flowering", V82>=56, "Panicle Initiation/Booting", V82<56, "Vegetative/Tillering")} -> Vegetative/Tillering
A83: 1489 | B83: RSBSA | C83: Agusan del Norte | D83: BUENAVISTA | E83: TALO-AO | F83: 1741169 | G83: 46015 | H83: 46110 | I83: ZAPANTA | J83: PEDROSA | K83: F. | L83: 0.75 | M83: 18750 | N83: 4 | O83: 515354 | Q83: 1298433 | S83: 15000 | T83: 4 - Booting Stg. (REPRODUCTIVE) | U83: 15000 | V83: =(DATE(2026,2,3)-'RICE_Insured Farms_with PPI Pol'!$G83)+IF('RICE_Insured Farms_with PPI Pol'!$H83<>'RICE_Insured Farms_with PPI Pol'!$G83,18,0) -> 59 | W83: {=IFS(V83>120, "Harvested", V83>=113, "Yellow Ripening", V83>=101, "Dough Stage", V83>=93, "Milking Stage", V83>=86, "Flowering", V83>=56, "Panicle Initiation/Booting", V83<56, "Vegetative/Tillering")} -> Panicle Initiation/Booting
A84: 83 | B84: RSBSA | C84: Agusan del Norte | D84: BUTUAN CITY | E84: SANTO NIï¿½O | F84: 1760496 | G84: 46031 | H84: 46128 | I84: DE JESUS | J84: ROMULO JR. | K84: MATIAS | L84: 1.0007 | M84: 25017.5 | N84: 2 | O84: 172454 | Q84: 1037221 | S84: 17512.25 | T84: 2 - Mx. Tl. Stg. (LATE VEGETATIVE) | U84: 17512.25 | V84: =(DATE(2026,2,3)-'RICE_Insured Farms_with PPI Pol'!$G84)+IF('RICE_Insured Farms_with PPI Pol'!$H84<>'RICE_Insured Farms_with PPI Pol'!$G84,18,0) -> 43 | W84: {=IFS(V84>120, "Harvested", V84>=113, "Yellow Ripening", V84>=101, "Dough Stage", V84>=93, "Milking Stage", V84>=86, "Flowering", V84>=56, "Panicle Initiation/Booting", V84<56, "Vegetative/Tillering")} -> Vegetative/Tillering
A85: 84 | B85: RSBSA | C85: Surigao del Norte | D85: SURIGAO CITY | E85: MAT-I | F85: 1760047 | G85: 46021 | H85: 46123 | I85: DEGUIï¿½O | J85: RONIE | K85: COLON | L85: 0.5 | M85: 12500 | N85: 3 | O85: 329747 | P85: 16-67-24-031-000861 | Q85: 964436 | S85: 10000 | T85: 3 - P. I. Stg. (REPRODUCTIVE) | U85: 10000 | V85: =(DATE(2026,2,3)-'RICE_Insured Farms_with PPI Pol'!$G85)+IF('RICE_Insured Farms_with PPI Pol'!$H85<>'RICE_Insured Farms_with PPI Pol'!$G85,18,0) -> 53 | W85: {=IFS(V85>120, "Harvested", V85>=113, "Yellow Ripening", V85>=101, "Dough Stage", V85>=93, "Milking Stage", V85>=86, "Flowering", V85>=56, "Panicle Initiation/Booting", V85<56, "Vegetative/Tillering")} -> Vegetative/Tillering
A86: 6 | B86: RSBSA | C86: Agusan del Norte | D86: BUTUAN CITY | E86: LEMON | F86: 1760459 | G86: 46016 | H86: 46111 | I86: AYUBAN | J86: PEDRO | K86: CURITAO | L86: 1 | M86: 25000 | N86: 4 | O86: 85805 | P86: 16-02-02-052-000011 | Q86: 193526 | S86: 20000 | T86: 4 - Booting Stg. (REPRODUCTIVE) | U86: 20000 | V86: =(DATE(2026,2,3)-'RICE_Insured Farms_with PPI Pol'!$G86)+IF('RICE_Insured Farms_with PPI Pol'!$H86<>'RICE_Insured Farms_with PPI Pol'!$G86,18,0) -> 58 | W86: {=IFS(V86>120, "Harvested", V86>=113, "Yellow Ripening", V86>=101, "Dough Stage", V86>=93, "Milking Stage", V86>=86, "Flowering", V86>=56, "Panicle Initiation/Booting", V86<56, "Vegetative/Tillering")} -> Panicle Initiation/Booting
A87: 86 | B87: RSBSA | C87: Agusan del Norte | D87: REMEDIOS T. ROMUALDEZ | E87: BASILISA | F87: 1192169 | G87: 46029 | H87: 46149 | I87: DEJOLDE | J87: ROBERT | K87: RAMA | L87: 0.542 | M87: 13550 | N87: 1 | O87: 295229 | Q87: 1030616 | S87: 8130 | T87: 1 - Mn. Tl. Stg. (EARLY VEGETATIVE) | U87: 8130 | V87: =(DATE(2026,2,3)-'RICE_Insured Farms_with PPI Pol'!$G87)+IF('RICE_Insured Farms_with PPI Pol'!$H87<>'RICE_Insured Farms_with PPI Pol'!$G87,18,0) -> 45 | W87: {=IFS(V87>120, "Harvested", V87>=113, "Yellow Ripening", V87>=101, "Dough Stage", V87>=93, "Milking Stage", V87>=86, "Flowering", V87>=56, "Panicle Initiation/Booting", V87<56, "Vegetative/Tillering")} -> Vegetative/Tillering
A88: 87 | B88: RSBSA | C88: Agusan del Norte | D88: REMEDIOS T. ROMUALDEZ | E88: BASILISA | F88: 1192169 | G88: 46029 | H88: 46149 | I88: DEJOLDE | J88: ROBERT | K88: RAMA | L88: 0.542 | M88: 13550 | N88: 1 | O88: 295229 | Q88: 1030616 | S88: 8130 | T88: 1 - Mn. Tl. Stg. (EARLY VEGETATIVE) | U88: 8130 | V88: =(DATE(2026,2,3)-'RICE_Insured Farms_with PPI Pol'!$G88)+IF('RICE_Insured Farms_with PPI Pol'!$H88<>'RICE_Insured Farms_with PPI Pol'!$G88,18,0) -> 45 | W88: {=IFS(V88>120, "Harvested", V88>=113, "Yellow Ripening", V88>=101, "Dough Stage", V88>=93, "Milking Stage", V88>=86, "Flowering", V88>=56, "Panicle Initiation/Booting", V88<56, "Vegetative/Tillering")} -> Vegetative/Tillering
A89: 88 | B89: RSBSA | C89: Surigao del Norte | D89: SURIGAO CITY | E89: ANOMAR | F89: 1760046 | G89: 46032 | H89: 46134 | I89: DELA TORRE | J89: ALFREDO | K89: PANER | L89: 0.5044 | M89: 12610 | N89: 2 | O89: 153613 | P89: 16-67-24-003-000121 | Q89: 1039772 | S89: 8827 | T89: 2 - Mx. Tl. Stg. (LATE VEGETATIVE) | U89: 8827 | V89: =(DATE(2026,2,3)-'RICE_Insured Farms_with PPI Pol'!$G89)+IF('RICE_Insured Farms_with PPI Pol'!$H89<>'RICE_Insured Farms_with PPI Pol'!$G89,18,0) -> 42 | W89: {=IFS(V89>120, "Harvested", V89>=113, "Yellow Ripening", V89>=101, "Dough Stage", V89>=93, "Milking Stage", V89>=86, "Flowering", V89>=56, "Panicle Initiation/Booting", V89<56, "Vegetative/Tillering")} -> Vegetative/Tillering
A90: 89 | B90: RSBSA | C90: Surigao del Norte | D90: BACUAG | E90: DUGSANGON | F90: 1739653 | G90: 46018 | H90: 46120 | I90: DESTAJO | J90: EPIFANIO | K90: ILIGAN | L90: 0.5026 | M90: 12565 | N90: 3 | O90: 108511 | P90: 16-67-02-004-000026 | Q90: 1033230 | S90: 10052 | T90: 3 - P. I. Stg. (REPRODUCTIVE) | U90: 10052 | V90: =(DATE(2026,2,3)-'RICE_Insured Farms_with PPI Pol'!$G90)+IF('RICE_Insured Farms_with PPI Pol'!$H90<>'RICE_Insured Farms_with PPI Pol'!$G90,18,0) -> 56 | W90: {=IFS(V90>120, "Harvested", V90>=113, "Yellow Ripening", V90>=101, "Dough Stage", V90>=93, "Milking Stage", V90>=86, "Flowering", V90>=56, "Panicle Initiation/Booting", V90<56, "Vegetative/Tillering")} -> Panicle Initiation/Booting
A91: 90 | B91: RSBSA | C91: Surigao del Norte | D91: BACUAG | E91: DUGSANGON | F91: 1739652 | G91: 46018 | H91: 46120 | I91: DESTAJO | J91: REX | K91: ARMODIA | L91: 1 | M91: 25000 | N91: 3 | O91: 307976 | P91: 16-67-02-004-000059 | Q91: 1024461 | S91: 20000 | T91: 3 - P. I. Stg. (REPRODUCTIVE) | U91: 20000 | V91: =(DATE(2026,2,3)-'RICE_Insured Farms_with PPI Pol'!$G91)+IF('RICE_Insured Farms_with PPI Pol'!$H91<>'RICE_Insured Farms_with PPI Pol'!$G91,18,0) -> 56 | W91: {=IFS(V91>120, "Harvested", V91>=113, "Yellow Ripening", V91>=101, "Dough Stage", V91>=93, "Milking Stage", V91>=86, "Flowering", V91>=56, "Panicle Initiation/Booting", V91<56, "Vegetative/Tillering")} -> Panicle Initiation/Booting
A92: 91 | B92: RSBSA | C92: Surigao del Norte | D92: BACUAG | E92: DUGSANGON | F92: 1739652 | G92: 46018 | H92: 46120 | I92: DESTAJO | J92: REX | K92: ARMODIA | L92: 1.1 | M92: 27500 | N92: 3 | O92: 307976 | P92: 16-67-02-004-000059 | Q92: 1137857 | S92: 22000 | T92: 3 - P. I. Stg. (REPRODUCTIVE) | U92: 22000 | V92: =(DATE(2026,2,3)-'RICE_Insured Farms_with PPI Pol'!$G92)+IF('RICE_Insured Farms_with PPI Pol'!$H92<>'RICE_Insured Farms_with PPI Pol'!$G92,18,0) -> 56 | W92: {=IFS(V92>120, "Harvested", V92>=113, "Yellow Ripening", V92>=101, "Dough Stage", V92>=93, "Milking Stage", V92>=86, "Flowering", V92>=56, "Panicle Initiation/Booting", V92<56, "Vegetative/Tillering")} -> Panicle Initiation/Booting
A93: 92 | B93: RSBSA | C93: Surigao del Sur | D93: TANDAG CITY | E93: ROSARIO | F93: 1760903 | G93: 46019 | H93: 46114 | I93: DIAZ | J93: FEMILYN | K93: MARTINEZ | L93: 1.1744 | M93: 29360 | N93: 3 | O93: 417018 | P93: 16-68-19-015-000194 | Q93: 947830 | S93: 23488 | T93: 3 - P. I. Stg. (REPRODUCTIVE) | U93: 23488 | V93: =(DATE(2026,2,3)-'RICE_Insured Farms_with PPI Pol'!$G93)+IF('RICE_Insured Farms_with PPI Pol'!$H93<>'RICE_Insured Farms_with PPI Pol'!$G93,18,0) -> 55 | W93: {=IFS(V93>120, "Harvested", V93>=113, "Yellow Ripening", V93>=101, "Dough Stage", V93>=93, "Milking Stage", V93>=86, "Flowering", V93>=56, "Panicle Initiation/Booting", V93<56, "Vegetative/Tillering")} -> Vegetative/Tillering
A94: 93 | B94: RSBSA | C94: Surigao del Sur | D94: TAGO | E94: BAJAO | F94: 1740205 | G94: 46030 | H94: 46125 | I94: DIESTO | J94: RENE | K94: DESCUATAN | L94: 1.3 | M94: 32500 | N94: 3 | O94: 206993 | P94: 16-68-18-005-000170 | Q94: 1034934 | S94: 26000 | T94: 3 - P. I. Stg. (REPRODUCTIVE) | U94: 26000 | V94: =(DATE(2026,2,3)-'RICE_Insured Farms_with PPI Pol'!$G94)+IF('RICE_Insured Farms_with PPI Pol'!$H94<>'RICE_Insured Farms_with PPI Pol'!$G94,18,0) -> 44 | W94: {=IFS(V94>120, "Harvested", V94>=113, "Yellow Ripening", V94>=101, "Dough Stage", V94>=93, "Milking Stage", V94>=86, "Flowering", V94>=56, "Panicle Initiation/Booting", V94<56, "Vegetative/Tillering")} -> Vegetative/Tillering
A95: 94 | B95: RSBSA | C95: Agusan del Sur | D95: TRENTO | E95: KAPATUNGAN | F95: 1742526 | G95: 46035 | H95: 46130 | I95: DOMINGO | J95: NELSON | K95: AREVALO | L95: 0.6026 | M95: 15065 | N95: 2 | O95: 436970 | P95: 16-03-12-003-000770 | Q95: 1065461 | S95: 10545.5 | T95: 2 - Mx. Tl. Stg. (LATE VEGETATIVE) | U95: 10545.5 | V95: =(DATE(2026,2,3)-'RICE_Insured Farms_with PPI Pol'!$G95)+IF('RICE_Insured Farms_with PPI Pol'!$H95<>'RICE_Insured Farms_with PPI Pol'!$G95,18,0) -> 39 | W95: {=IFS(V95>120, "Harvested", V95>=113, "Yellow Ripening", V95>=101, "Dough Stage", V95>=93, "Milking Stage", V95>=86, "Flowering", V95>=56, "Panicle Initiation/Booting", V95<56, "Vegetative/Tillering")} -> Vegetative/Tillering
A96: 95 | B96: RSBSA | C96: Agusan del Norte | D96: CABADBARAN CITY | E96: CAASINAN | F96: 1760472 | G96: 46003 | H96: 46123 | I96: DONOSO | J96: JUSTINIANO | K96: GONZALES | L96: 1 | M96: 25000 | N96: 3 | O96: 307927 | P96: 16-02-03-040-000001 | Q96: 1024554 | S96: 20000 | T96: 3 - P. I. Stg. (REPRODUCTIVE) | U96: 20000 | V96: =(DATE(2026,2,3)-'RICE_Insured Farms_with PPI Pol'!$G96)+IF('RICE_Insured Farms_with PPI Pol'!$H96<>'RICE_Insured Farms_with PPI Pol'!$G96,18,0) -> 71 | W96: {=IFS(V96>120, "Harvested", V96>=113, "Yellow Ripening", V96>=101, "Dough Stage", V96>=93, "Milking Stage", V96>=86, "Flowering", V96>=56, "Panicle Initiation/Booting", V96<56, "Vegetative/Tillering")} -> Panicle Initiation/Booting
A97: 96 | B97: RSBSA | C97: Agusan del Norte | D97: BUENAVISTA | E97: MATABAO | F97: 1741168 | G97: 46020 | H97: 46120 | I97: DUMOGHO | J97: LORNA | K97: AALA | L97: 0.6846 | M97: 17115 | N97: 3 | O97: 68346 | Q97: 957178 | S97: 13692 | T97: 3 - P. I. Stg. (REPRODUCTIVE) | U97: 13692 | V97: =(DATE(2026,2,3)-'RICE_Insured Farms_with PPI Pol'!$G97)+IF('RICE_Insured Farms_with PPI Pol'!$H97<>'RICE_Insured Farms_with PPI Pol'!$G97,18,0) -> 54 | W97: {=IFS(V97>120, "Harvested", V97>=113, "Yellow Ripening", V97>=101, "Dough Stage", V97>=93, "Milking Stage", V97>=86, "Flowering", V97>=56, "Panicle Initiation/Booting", V97<56, "Vegetative/Tillering")} -> Vegetative/Tillering
A98: 97 | B98: RSBSA | C98: Agusan del Sur | D98: BAYUGAN CITY | E98: CAGBAS | F98: 1760154 | G98: 46030 | H98: 46150 | I98: EBAYA | J98: AIDA | K98: GIMOTO | L98: 0.75 | M98: 18750 | N98: 1 | O98: 355284 | P98: 16-03-01-030-000087 | Q98: 1032750 | S98: 11250 | T98: 1 - Mn. Tl. Stg. (EARLY VEGETATIVE) | U98: 11250 | V98: =(DATE(2026,2,3)-'RICE_Insured Farms_with PPI Pol'!$G98)+IF('RICE_Insured Farms_with PPI Pol'!$H98<>'RICE_Insured Farms_with PPI Pol'!$G98,18,0) -> 44 | W98: {=IFS(V98>120, "Harvested", V98>=113, "Yellow Ripening", V98>=101, "Dough Stage", V98>=93, "Milking Stage", V98>=86, "Flowering", V98>=56, "Panicle Initiation/Booting", V98<56, "Vegetative/Tillering")} -> Vegetative/Tillering
A99: 98 | B99: RSBSA | C99: Surigao del Norte | D99: GIGAQUIT | E99: VILLAFRANCA | F99: 1739586 | G99: 46012 | H99: 46114 | I99: ECAY | J99: TERESITA | K99: DESALES | L99: 0.5 | M99: 12500 | N99: 3 | O99: 331405 | P99: 16-67-11-013-000062 | Q99: 1029521 | S99: 10000 | T99: 3 - P. I. Stg. (REPRODUCTIVE) | U99: 10000 | V99: =(DATE(2026,2,3)-'RICE_Insured Farms_with PPI Pol'!$G99)+IF('RICE_Insured Farms_with PPI Pol'!$H99<>'RICE_Insured Farms_with PPI Pol'!$G99,18,0) -> 62 | W99: {=IFS(V99>120, "Harvested", V99>=113, "Yellow Ripening", V99>=101, "Dough Stage", V99>=93, "Milking Stage", V99>=86, "Flowering", V99>=56, "Panicle Initiation/Booting", V99<56, "Vegetative/Tillering")} -> Panicle Initiation/Booting
A100: 99 | B100: RSBSA | C100: Surigao del Norte | D100: TUBOD | E100: MOTORPOOL | F100: 1176170 | G100: 46036 | H100: 46138 | I100: ELICANO | J100: ROWENA | K100: NALITAN | L100: 0.5351 | M100: 13377.5 | N100: 2 | O100: 420711 | P100: 16-67-27-005-000031 | Q100: 970508 | S100: 9364.25 | T100: 2 - Mx. Tl. Stg. (LATE VEGETATIVE) | U100: 9364.25 | V100: =(DATE(2026,2,3)-'RICE_Insured Farms_with PPI Pol'!$G100)+IF('RICE_Insured Farms_with PPI Pol'!$H100<>'RICE_Insured Farms_with PPI Pol'!$G100,18,0) -> 38 | W100: {=IFS(V100>120, "Harvested", V100>=113, "Yellow Ripening", V100>=101, "Dough Stage", V100>=93, "Milking Stage", V100>=86, "Flowering", V100>=56, "Panicle Initiation/Booting", V100<56, "Vegetative/Tillering")} -> Vegetative/Tillering
...

Sheet Additional
A1: No. | B1: Program Type | C1: Province | D1: Municipality | E1: Barangay | F1: Policy No. | G1: Effectivity Date | H1: Expiry Date | I1: Surname | J1: Firstname | K1: Middlename | L1: AreaInsured | M1: AmountofCover | N1: Stage No. | O1: FarmersID | P1: RSBSA No. | Q1: Farm ID | R1: Georef ID | S1: RiskExposureAmount | T1: Stage | U1: EstimatedDamage | V1: Period of Exposure
A2: 11 | B2: RSBSA | C2: Agusan del Norte | D2: BUENAVISTA | E2: MATABAO | F2: 1741165 | G2: 46015 | H2: 46110 | I2: BALANSAG | J2: ANNILEE | K2: CAJELES | L2: 0.4145 | M2: 10362.5 | N2: 4 | O2: 122316 | P2: 16-02-01-011-000178 | Q2: 1085574 | S2: 8290 | T2: 4 - Booting Stg. (REPRODUCTIVE) | U2: 8290 | V2: =VLOOKUP(Additional!$D2, 'Period of Exposures'!B:C, 2, FALSE) -> 33
A3: 12 | B3: RSBSA | C3: Agusan del Norte | D3: BUENAVISTA | E3: TALO-AO | F3: 1741169 | G3: 46015 | H3: 46110 | I3: ZAPANTA | J3: PEDROSA | K3: F. | L3: 0.75 | M3: 18750 | N3: 4 | O3: 515354 | Q3: 1298433 | S3: 15000 | T3: 4 - Booting Stg. (REPRODUCTIVE) | U3: 15000 | V3: =VLOOKUP(Additional!$D3, 'Period of Exposures'!B:C, 2, FALSE) -> 33
A4: 13 | B4: RSBSA | C4: Agusan del Norte | D4: BUTUAN CITY | E4: LEMON | F4: 1760459 | G4: 46016 | H4: 46111 | I4: AYUBAN | J4: PEDRO | K4: CURITAO | L4: 1 | M4: 25000 | N4: 4 | O4: 85805 | P4: 16-02-02-052-000011 | Q4: 193526 | S4: 20000 | T4: 4 - Booting Stg. (REPRODUCTIVE) | U4: 20000 | V4: =VLOOKUP(Additional!$D4, 'Period of Exposures'!B:C, 2, FALSE) -> 33
A5: 14 | B5: RSBSA | C5: Agusan del Norte | D5: BUTUAN CITY | E5: TINIWISAN | F5: 1760463 | G5: 46016 | H5: 46111 | I5: BAYRON | J5: AMELITA | K5: M. | L5: 0.9345 | M5: 23362.5 | N5: 4 | O5: 1803 | P5: 16-02-02-086-000057 | Q5: 696356 | S5: 18690 | T5: 4 - Booting Stg. (REPRODUCTIVE) | U5: 18690 | V5: =VLOOKUP(Additional!$D5, 'Period of Exposures'!B:C, 2, FALSE) -> 33
A6: 15 | B6: RSBSA | C6: Agusan del Norte | D6: BUTUAN CITY | E6: ANTONGALON | F6: 1760479 | G6: 46007 | H6: 46109 | I6: CABONCE | J6: EDUARDO JR. | K6: POBLETE | L6: 1.76 | M6: 44000 | N6: 4 | O6: 226842 | Q6: 602937 | S6: 35200 | T6: 4 - Booting Stg. (REPRODUCTIVE) | U6: 35200 | V6: =VLOOKUP(Additional!$D6, 'Period of Exposures'!B:C, 2, FALSE) -> 33
A7: 16 | B7: RSBSA | C7: Agusan del Norte | D7: BUTUAN CITY | E7: TALIGAMAN | F7: 1760476 | G7: 46011 | H7: 46102 | I7: DELA CRUZ | J7: CELERINA | K7: A | L7: 0.7502 | M7: 18755 | N7: 4 | O7: 324686 | Q7: 604277 | S7: 15004 | T7: 4 - Booting Stg. (REPRODUCTIVE) | U7: 15004 | V7: =VLOOKUP(Additional!$D7, 'Period of Exposures'!B:C, 2, FALSE) -> 33
A8: 17 | B8: RSBSA | C8: Agusan del Norte | D8: BUTUAN CITY | E8: ANTONGALON | F8: 1760479 | G8: 46007 | H8: 46109 | I8: GALENDEZ | J8: WALTER | K8: ALPAR | L8: 0.8 | M8: 20000 | N8: 4 | O8: 16093 | P8: 16-02-02-009-000024 | Q8: 603981 | S8: 16000 | T8: 4 - Booting Stg. (REPRODUCTIVE) | U8: 16000 | V8: =VLOOKUP(Additional!$D8, 'Period of Exposures'!B:C, 2, FALSE) -> 33
A9: 18 | B9: RSBSA | C9: Agusan del Norte | D9: BUTUAN CITY | E9: BASAG | F9: 1760483 | G9: 46011 | H9: 46106 | I9: GARDOCE | J9: MARY ANN | K9: PALER | L9: 0.8 | M9: 20000 | N9: 4 | O9: 362061 | P9: 16-02-02-019-000142 | Q9: 708053 | S9: 16000 | T9: 4 - Booting Stg. (REPRODUCTIVE) | U9: 16000 | V9: =VLOOKUP(Additional!$D9, 'Period of Exposures'!B:C, 2, FALSE) -> 33
A10: 19 | B10: RSBSA | C10: Agusan del Norte | D10: BUTUAN CITY | E10: ANTONGALON | F10: 1760482 | G10: 46011 | H10: 46106 | I10: HINGPIT | J10: BEBIANA | K10: NAVARRO | L10: 0.828 | M10: 20700 | N10: 4 | O10: 16086 | P10: 16-02-02-009-000060 | Q10: 603991 | S10: 16560 | T10: 4 - Booting Stg. (REPRODUCTIVE) | U10: 16560 | V10: =VLOOKUP(Additional!$D10, 'Period of Exposures'!B:C, 2, FALSE) -> 33
A11: 20 | B11: RSBSA | C11: Agusan del Norte | D11: BUTUAN CITY | E11: ANTONGALON | F11: 1760482 | G11: 46011 | H11: 46106 | I11: MAG-ISA | J11: ANICETO | K11: MALGAPO | L11: 1.8465 | M11: 46162.5 | N11: 4 | O11: 192451 | Q11: 556963 | S11: 36930 | T11: 4 - Booting Stg. (REPRODUCTIVE) | U11: 36930 | V11: =VLOOKUP(Additional!$D11, 'Period of Exposures'!B:C, 2, FALSE) -> 33
A12: 21 | B12: RSBSA | C12: Agusan del Norte | D12: BUTUAN CITY | E12: ANTONGALON | F12: 1760482 | G12: 46011 | H12: 46106 | I12: TAGALOG | J12: REY | K12: MOSQUEDA | L12: 1.12 | M12: 28000 | N12: 4 | O12: 294848 | P12: 16-02-02-009-000042 | Q12: 604291 | S12: 22400 | T12: 4 - Booting Stg. (REPRODUCTIVE) | U12: 22400 | V12: =VLOOKUP(Additional!$D12, 'Period of Exposures'!B:C, 2, FALSE) -> 33
A13: 22 | B13: RSBSA | C13: Agusan del Norte | D13: BUTUAN CITY | E13: SANTO NIï¿½O | F13: 1760496 | G13: 46013 | H13: 46108 | I13: DE JESUS | J13: ERWIN | K13: MATIAS | L13: 0.8532 | M13: 21330 | N13: 4 | O13: 296062 | P13: 16-02-02-100-000177 | Q13: 875837 | S13: 17064 | T13: 4 - Booting Stg. (REPRODUCTIVE) | U13: 17064 | V13: =VLOOKUP(Additional!$D13, 'Period of Exposures'!B:C, 2, FALSE) -> 33
A14: 23 | B14: RSBSA | C14: Agusan del Norte | D14: BUTUAN CITY | E14: SANTO NIï¿½O | F14: 1760495 | G14: 46010 | H14: 46105 | I14: DEJADO | J14: SARAH JANE | K14: DAGOOC | L14: 1.0879 | M14: 27197.5 | N14: 4 | O14: 175178 | P14: 16-02-02-100-000485 | Q14: 874926 | S14: 21758 | T14: 4 - Booting Stg. (REPRODUCTIVE) | U14: 21758 | V14: =VLOOKUP(Additional!$D14, 'Period of Exposures'!B:C, 2, FALSE) -> 33
A15: 24 | B15: RSBSA | C15: Agusan del Norte | D15: BUTUAN CITY | E15: LOS ANGELES | F15: 1760486 | G15: 46015 | H15: 46111 | I15: ABOYME | J15: RODOLFO | K15: ALIMA | L15: 1.4924 | M15: 37310 | N15: 4 | O15: 109575 | Q15: 606105 | S15: 29848 | T15: 4 - Booting Stg. (REPRODUCTIVE) | U15: 29848 | V15: =VLOOKUP(Additional!$D15, 'Period of Exposures'!B:C, 2, FALSE) -> 33
A16: 25 | B16: RSBSA | C16: Agusan del Norte | D16: BUTUAN CITY | E16: TAGABACA | F16: 1760497 | G16: 46016 | H16: 46111 | I16: CALO | J16: EVA | K16: LERIA | L16: 0.3833 | M16: 9582.5 | N16: 4 | O16: 182255 | P16: 16-02-02-082-000117 | Q16: 548181 | S16: 7666 | T16: 4 - Booting Stg. (REPRODUCTIVE) | U16: 7666 | V16: =VLOOKUP(Additional!$D16, 'Period of Exposures'!B:C, 2, FALSE) -> 33
A17: 26 | B17: RSBSA | C17: Agusan del Norte | D17: BUTUAN CITY | E17: LOS ANGELES | F17: 1760486 | G17: 46014 | H17: 46109 | I17: GAGULA | J17: DIOSDADA | K17: MENDAï¿½A | L17: 2 | M17: 50000 | N17: 4 | O17: 159083 | Q17: 696421 | S17: 40000 | T17: 4 - Booting Stg. (REPRODUCTIVE) | U17: 40000 | V17: =VLOOKUP(Additional!$D17, 'Period of Exposures'!B:C, 2, FALSE) -> 33
A18: 27 | B18: RSBSA | C18: Agusan del Norte | D18: BUTUAN CITY | E18: TAGABACA | F18: 1760497 | G18: 46014 | H18: 46110 | I18: GERONA | J18: MARIO | K18: MARAVILLA | L18: 1.2494 | M18: 31235 | N18: 4 | O18: 98353 | P18: 16-02-02-082-000133 | Q18: 602926 | S18: 24988 | T18: 4 - Booting Stg. (REPRODUCTIVE) | U18: 24988 | V18: =VLOOKUP(Additional!$D18, 'Period of Exposures'!B:C, 2, FALSE) -> 33
A19: 28 | B19: OTHER - LI LC | C19: Agusan del Norte | D19: BUTUAN CITY | E19: LOS ANGELES | F19: 1760852 | G19: 46014 | H19: 46109 | I19: LABASTIDA | J19: EDWIN | K19: N | L19: 1.2175 | M19: 60000 | N19: 4 | O19: 1282 | P19: 16-02-02-056-000303 | Q19: 717030 | S19: 48000 | T19: 4 - Booting Stg. (REPRODUCTIVE) | U19: 48000 | V19: =VLOOKUP(Additional!$D19, 'Period of Exposures'!B:C, 2, FALSE) -> 33
A20: 29 | B20: RSBSA | C20: Agusan del Norte | D20: BUTUAN CITY | E20: TAGABACA | F20: 1760497 | G20: 46015 | H20: 46110 | I20: PINEDA | J20: GELIA | K20: LAYOG | L20: 0.6575 | M20: 16437.5 | N20: 4 | O20: 111328 | Q20: 689094 | S20: 13150 | T20: 4 - Booting Stg. (REPRODUCTIVE) | U20: 13150 | V20: =VLOOKUP(Additional!$D20, 'Period of Exposures'!B:C, 2, FALSE) -> 33
A21: 30 | B21: RSBSA | C21: Agusan del Norte | D21: BUTUAN CITY | E21: TAGABACA | F21: 1760497 | G21: 46014 | H21: 46109 | I21: PINEDA | J21: RETCHEL | K21: LAYOG | L21: 1.0825 | M21: 27062.5 | N21: 4 | O21: 354521 | Q21: 688314 | S21: 21650 | T21: 4 - Booting Stg. (REPRODUCTIVE) | U21: 21650 | V21: =VLOOKUP(Additional!$D21, 'Period of Exposures'!B:C, 2, FALSE) -> 33
A22: 31 | B22: RSBSA | C22: Agusan del Norte | D22: BUTUAN CITY | E22: MANDAMO | F22: 1761010 | G22: 46017 | H22: 46104 | I22: ABLIN | J22: DARIO | K22: ANDIG | L22: 0.1808 | M22: 4520 | N22: 4 | O22: 419037 | P22: 16-02-02-064-000219 | Q22: 1330925 | S22: 3616 | T22: 4 - Booting Stg. (REPRODUCTIVE) | U22: 3616 | V22: =VLOOKUP(Additional!$D22, 'Period of Exposures'!B:C, 2, FALSE) -> 33
A23: 32 | B23: ANYO PROGRAM | C23: Agusan del Norte | D23: BUTUAN CITY | E23: SANTO NIï¿½O | F23: 1760484 | G23: 46009 | H23: 46104 | I23: ABUCAY | J23: ROBENSON | K23: SUPAS | L23: 2 | M23: 80000 | N23: 4 | O23: 199112 | P23: 16-02-02-100-000248 | Q23: 1318899 | S23: 64000 | T23: 4 - Booting Stg. (REPRODUCTIVE) | U23: 64000 | V23: =VLOOKUP(Additional!$D23, 'Period of Exposures'!B:C, 2, FALSE) -> 33
A24: 33 | B24: RSBSA | C24: Agusan del Norte | D24: BUTUAN CITY | E24: MANDAMO | F24: 1760491 | G24: 46013 | H24: 46109 | I24: ANINAO | J24: CHET | K24: ARISTAN | L24: 0.8537 | M24: 21342.5 | N24: 4 | O24: 496667 | Q24: 1232068 | S24: 17074 | T24: 4 - Booting Stg. (REPRODUCTIVE) | U24: 17074 | V24: =VLOOKUP(Additional!$D24, 'Period of Exposures'!B:C, 2, FALSE) -> 33
A25: 34 | B25: RSBSA | C25: Agusan del Norte | D25: BUTUAN CITY | E25: MANDAMO | F25: 1760491 | G25: 46013 | H25: 46109 | I25: BAGOLANTOY | J25: CRISTOPHER | K25: CAGAS | L25: 0.3783 | M25: 9457.5 | N25: 4 | O25: 325595 | P25: 16-02-02-064-000027 | Q25: 1232069 | S25: 7566 | T25: 4 - Booting Stg. (REPRODUCTIVE) | U25: 7566 | V25: =VLOOKUP(Additional!$D25, 'Period of Exposures'!B:C, 2, FALSE) -> 33
A26: 35 | B26: ANYO PROGRAM | C26: Agusan del Norte | D26: BUTUAN CITY | E26: BANZA | F26: 1760484 | G26: 46007 | H26: 46102 | I26: BALDO | J26: CHRISTIAN MARK | K26: GONZALES | L26: 2.6669 | M26: 120000 | N26: 4 | O26: 170895 | P26: 16-02-02-017-000107 | Q26: 1199086 | S26: 96000 | T26: 4 - Booting Stg. (REPRODUCTIVE) | U26: 96000 | V26: =VLOOKUP(Additional!$D26, 'Period of Exposures'!B:C, 2, FALSE) -> 33
A27: 36 | B27: RSBSA | C27: Agusan del Norte | D27: BUTUAN CITY | E27: MANDAMO | F27: 1761008 | G27: 46017 | H27: 46109 | I27: BASLOTE | J27: LEONORA | K27: JUMANOY | L27: 0.6385 | M27: 15962.5 | N27: 4 | O27: 131767 | P27: 16-02-02-064-000168 | Q27: 1330247 | S27: 12770 | T27: 4 - Booting Stg. (REPRODUCTIVE) | U27: 12770 | V27: =VLOOKUP(Additional!$D27, 'Period of Exposures'!B:C, 2, FALSE) -> 33
A28: 37 | B28: RSBSA | C28: Agusan del Norte | D28: BUTUAN CITY | E28: MANDAMO | F28: 1760491 | G28: 46012 | H28: 46110 | I28: BOHOLANO | J28: FRANCISCO | K28: O. | L28: 0.5893 | M28: 14732.5 | N28: 4 | O28: 441219 | P28: 16-02-02-064-000222 | Q28: 1149544 | S28: 11786 | T28: 4 - Booting Stg. (REPRODUCTIVE) | U28: 11786 | V28: =VLOOKUP(Additional!$D28, 'Period of Exposures'!B:C, 2, FALSE) -> 33
A29: 38 | B29: RSBSA | C29: Agusan del Norte | D29: BUTUAN CITY | E29: MANDAMO | F29: 1760492 | G29: 46014 | H29: 46109 | I29: BOHOLANO | J29: JOSEPHINE | K29: MUSICO | L29: 0.3 | M29: 7500 | N29: 4 | O29: 103007 | P29: 16-02-02-064-000065 | Q29: 1276853 | S29: 6000 | T29: 4 - Booting Stg. (REPRODUCTIVE) | U29: 6000 | V29: =VLOOKUP(Additional!$D29, 'Period of Exposures'!B:C, 2, FALSE) -> 33
A30: 39 | B30: RSBSA | C30: Agusan del Norte | D30: BUTUAN CITY | E30: ANTONGALON | F30: 1760476 | G30: 46011 | H30: 46104 | I30: BRIONES | J30: RODANTE | K30: MAG-ISA | L30: 0.4313 | M30: 10782.5 | N30: 4 | O30: 496305 | P30: 16-02-02-009-000171 | Q30: 1276977 | S30: 8626 | T30: 4 - Booting Stg. (REPRODUCTIVE) | U30: 8626 | V30: =VLOOKUP(Additional!$D30, 'Period of Exposures'!B:C, 2, FALSE) -> 33
A31: 40 | B31: RSBSA | C31: Agusan del Norte | D31: BUTUAN CITY | E31: MAGUINDA | F31: 1760463 | G31: 46008 | H31: 46103 | I31: CANAMA | J31: RIZALINA | K31: PORES | L31: 2 | M31: 50000 | N31: 4 | O31: 87173 | P31: 16-02-02-060-000274 | Q31: 1133199 | S31: 40000 | T31: 4 - Booting Stg. (REPRODUCTIVE) | U31: 40000 | V31: =VLOOKUP(Additional!$D31, 'Period of Exposures'!B:C, 2, FALSE) -> 33
A32: 41 | B32: RSBSA | C32: Agusan del Norte | D32: BUTUAN CITY | E32: LOS ANGELES | F32: 1760465 | G32: 46016 | H32: 46111 | I32: CARILLO | J32: DOMINADOR | K32: SAYSON | L32: 2 | M32: 50000 | N32: 4 | O32: 196783 | P32: 16-02-02-056-000393 | Q32: 1273079 | S32: 40000 | T32: 4 - Booting Stg. (REPRODUCTIVE) | U32: 40000 | V32: =VLOOKUP(Additional!$D32, 'Period of Exposures'!B:C, 2, FALSE) -> 33
A33: 42 | B33: RSBSA | C33: Agusan del Norte | D33: BUTUAN CITY | E33: ANTONGALON | F33: 1760476 | G33: 46017 | H33: 46107 | I33: CARIN | J33: EDITHA | K33: ROCA | L33: 0.4305 | M33: 10762.5 | N33: 4 | O33: 236229 | Q33: 1272717 | S33: 8610 | T33: 4 - Booting Stg. (REPRODUCTIVE) | U33: 8610 | V33: =VLOOKUP(Additional!$D33, 'Period of Exposures'!B:C, 2, FALSE) -> 33
A34: 43 | B34: RSBSA | C34: Agusan del Norte | D34: BUTUAN CITY | E34: MANDAMO | F34: 1761010 | G34: 46021 | H34: 46107 | I34: CASSION | J34: JOSEPH | K34: SILAGAN | L34: 0.9957 | M34: 24892.5 | N34: 4 | O34: 473231 | P34: 16-02-02-064-000282 | Q34: 1113738 | S34: 19914 | T34: 4 - Booting Stg. (REPRODUCTIVE) | U34: 19914 | V34: =VLOOKUP(Additional!$D34, 'Period of Exposures'!B:C, 2, FALSE) -> 33
A35: 44 | B35: RSBSA | C35: Agusan del Norte | D35: BUTUAN CITY | E35: MANDAMO | F35: 1761004 | G35: 46014 | H35: 46109 | I35: CATALUNA | J35: JESMAR | K35: B | L35: 0.4453 | M35: 11132.5 | N35: 4 | O35: 441221 | Q35: 1276804 | S35: 8906 | T35: 4 - Booting Stg. (REPRODUCTIVE) | U35: 8906 | V35: =VLOOKUP(Additional!$D35, 'Period of Exposures'!B:C, 2, FALSE) -> 33
A36: 45 | B36: RSBSA | C36: Agusan del Norte | D36: BUTUAN CITY | E36: MANDAMO | F36: 1760491 | G36: 46013 | H36: 46111 | I36: CATALUï¿½A | J36: ELENA | K36: RACHO | L36: 0.5018 | M36: 12545 | N36: 4 | O36: 315183 | P36: 16-02-02-064-000062 | Q36: 962621 | S36: 10036 | T36: 4 - Booting Stg. (REPRODUCTIVE) | U36: 10036 | V36: =VLOOKUP(Additional!$D36, 'Period of Exposures'!B:C, 2, FALSE) -> 33
A37: 46 | B37: RSBSA | C37: Agusan del Norte | D37: BUTUAN CITY | E37: MANDAMO | F37: 1760491 | G37: 46014 | H37: 46111 | I37: CATALUï¿½A | J37: SERGIO | K37: CABAï¿½AS | L37: 0.287 | M37: 7175 | N37: 4 | O37: 391963 | P37: 16-02-02-064-000105 | Q37: 1113886 | S37: 5740 | T37: 4 - Booting Stg. (REPRODUCTIVE) | U37: 5740 | V37: =VLOOKUP(Additional!$D37, 'Period of Exposures'!B:C, 2, FALSE) -> 33
A38: 47 | B38: RSBSA | C38: Agusan del Norte | D38: BUTUAN CITY | E38: MANDAMO | F38: 1760491 | G38: 46013 | H38: 46111 | I38: CATALUï¿½A | J38: THALIA | L38: 0.4335 | M38: 10837.5 | N38: 4 | O38: 435870 | P38: 16-02-02-064-000218 | Q38: 1149514 | S38: 8670 | T38: 4 - Booting Stg. (REPRODUCTIVE) | U38: 8670 | V38: =VLOOKUP(Additional!$D38, 'Period of Exposures'!B:C, 2, FALSE) -> 33
A39: 48 | B39: RSBSA | C39: Agusan del Norte | D39: BUTUAN CITY | E39: MAGUINDA | F39: 1760463 | G39: 46016 | H39: 46111 | I39: CHEQUITO | J39: DEVELYN | K39: CHU | L39: 2 | M39: 50000 | N39: 4 | O39: 334509 | P39: 16-02-02-060-000333 | Q39: 1277293 | S39: 40000 | T39: 4 - Booting Stg. (REPRODUCTIVE) | U39: 40000 | V39: =VLOOKUP(Additional!$D39, 'Period of Exposures'!B:C, 2, FALSE) -> 33
A40: 49 | B40: RSBSA | C40: Agusan del Norte | D40: BUTUAN CITY | E40: MAGUINDA | F40: 1760463 | G40: 46012 | H40: 46107 | I40: CHEQUITO | J40: PEDRO | K40: BASNIG | L40: 2 | M40: 50000 | N40: 4 | O40: 95291 | P40: 16-02-02-060-000205 | Q40: 1319215 | S40: 40000 | T40: 4 - Booting Stg. (REPRODUCTIVE) | U40: 40000 | V40: =VLOOKUP(Additional!$D40, 'Period of Exposures'!B:C, 2, FALSE) -> 33
A41: 50 | B41: AGRI-AGRA - OTHERS | C41: Agusan del Norte | D41: BUTUAN CITY | E41: MAGUINDA | F41: 1760471 | G41: 46016 | H41: 46111 | I41: CHEQUITO | J41: PELVIN | K41: CHU | L41: 2 | M41: 40000 | N41: 4 | O41: 510020 | P41: 16-304-00-060-000004 | Q41: 1277317 | S41: 32000 | T41: 4 - Booting Stg. (REPRODUCTIVE) | U41: 32000 | V41: =VLOOKUP(Additional!$D41, 'Period of Exposures'!B:C, 2, FALSE) -> 33
A42: 51 | B42: RSBSA | C42: Agusan del Norte | D42: BUTUAN CITY | E42: MANDAMO | F42: 1761008 | G42: 46015 | H42: 46106 | I42: CULLENTAS | J42: EMELDA | K42: SOLTEO | L42: 0.2437 | M42: 6092.5 | N42: 4 | O42: 418994 | P42: 16-02-02-064-000147 | Q42: 1330899 | S42: 4874 | T42: 4 - Booting Stg. (REPRODUCTIVE) | U42: 4874 | V42: =VLOOKUP(Additional!$D42, 'Period of Exposures'!B:C, 2, FALSE) -> 33
A43: 52 | B43: RSBSA | C43: Agusan del Norte | D43: BUTUAN CITY | E43: DOONGAN | F43: 1761007 | G43: 46012 | H43: 46108 | I43: DEBAJO | J43: VIVINA | K43: P. | L43: 0.6483 | M43: 16207.5 | N43: 4 | O43: 310514 | Q43: 1282720 | S43: 12966 | T43: 4 - Booting Stg. (REPRODUCTIVE) | U43: 12966 | V43: =VLOOKUP(Additional!$D43, 'Period of Exposures'!B:C, 2, FALSE) -> 33
A44: 53 | B44: ANYO PROGRAM | C44: Agusan del Norte | D44: BUTUAN CITY | E44: SANTO NIï¿½O | F44: 1760484 | G44: 46009 | H44: 46104 | I44: DINAGSAO | J44: RODELON | K44: B | L44: 1.5 | M44: 60000 | N44: 4 | O44: 1767 | P44: 16-02-02-100-000090 | Q44: 1044420 | S44: 48000 | T44: 4 - Booting Stg. (REPRODUCTIVE) | U44: 48000 | V44: =VLOOKUP(Additional!$D44, 'Period of Exposures'!B:C, 2, FALSE) -> 33
A45: 54 | B45: RSBSA | C45: Agusan del Norte | D45: BUTUAN CITY | E45: MANDAMO | F45: 1761010 | G45: 46021 | H45: 46111 | I45: DU-ONG | J45: MELCHOR | K45: MUSICO | L45: 0.25 | M45: 6250 | N45: 4 | O45: 205362 | Q45: 1330926 | S45: 5000 | T45: 4 - Booting Stg. (REPRODUCTIVE) | U45: 5000 | V45: =VLOOKUP(Additional!$D45, 'Period of Exposures'!B:C, 2, FALSE) -> 33
A46: 55 | B46: RSBSA | C46: Agusan del Norte | D46: BUTUAN CITY | E46: DOONGAN | F46: 1761007 | G46: 46012 | H46: 46108 | I46: FLORES | J46: MARIETA | K46: PALARAN | L46: 1.269 | M46: 31725 | N46: 4 | O46: 195325 | P46: 16-02-02-039-000015 | Q46: 1319157 | S46: 25380 | T46: 4 - Booting Stg. (REPRODUCTIVE) | U46: 25380 | V46: =VLOOKUP(Additional!$D46, 'Period of Exposures'!B:C, 2, FALSE) -> 33
A47: 56 | B47: RSBSA | C47: Agusan del Norte | D47: BUTUAN CITY | E47: MANDAMO | F47: 1760491 | G47: 46012 | H47: 46110 | I47: HERMOSO | J47: VICENTE JR. | K47: CAGAS | L47: 0.3503 | M47: 8757.5 | N47: 4 | O47: 356338 | Q47: 1276808 | S47: 7006 | T47: 4 - Booting Stg. (REPRODUCTIVE) | U47: 7006 | V47: =VLOOKUP(Additional!$D47, 'Period of Exposures'!B:C, 2, FALSE) -> 33
A48: 57 | B48: RSBSA | C48: Agusan del Norte | D48: BUTUAN CITY | E48: MANDAMO | F48: 1760491 | G48: 46012 | H48: 46110 | I48: HERMOSO | J48: VICENTE JR. | K48: CAGAS | L48: 0.3442 | M48: 8605 | N48: 4 | O48: 356338 | Q48: 1276810 | S48: 6884 | T48: 4 - Booting Stg. (REPRODUCTIVE) | U48: 6884 | V48: =VLOOKUP(Additional!$D48, 'Period of Exposures'!B:C, 2, FALSE) -> 33
A49: 58 | B49: RSBSA | C49: Agusan del Norte | D49: BUTUAN CITY | E49: MANDAMO | F49: 1760492 | G49: 46012 | H49: 46107 | I49: INSO | J49: FRANKLIN | K49: CATALUï¿½A | L49: 0.6036 | M49: 15090 | N49: 4 | O49: 435767 | P49: 16-02-02-064-000186 | Q49: 1328496 | S49: 12072 | T49: 4 - Booting Stg. (REPRODUCTIVE) | U49: 12072 | V49: =VLOOKUP(Additional!$D49, 'Period of Exposures'!B:C, 2, FALSE) -> 33
A50: 59 | B50: RSBSA | C50: Agusan del Norte | D50: BUTUAN CITY | E50: MANDAMO | F50: 1760492 | G50: 46012 | H50: 46107 | I50: INSO | J50: FRANKLIN | K50: CATALUï¿½A | L50: 0.3513 | M50: 8782.5 | N50: 4 | O50: 435767 | P50: 16-02-02-064-000186 | Q50: 1328504 | S50: 7026 | T50: 4 - Booting Stg. (REPRODUCTIVE) | U50: 7026 | V50: =VLOOKUP(Additional!$D50, 'Period of Exposures'!B:C, 2, FALSE) -> 33
A51: 60 | B51: RSBSA | C51: Agusan del Norte | D51: BUTUAN CITY | E51: MANDAMO | F51: 1760492 | G51: 46011 | H51: 46106 | I51: JAMINAL | J51: EULALIO | K51: INSON | L51: 0.2365 | M51: 5912.5 | N51: 4 | O51: 496586 | P51: 16-02-02-064-000227 | Q51: 1231582 | S51: 4730 | T51: 4 - Booting Stg. (REPRODUCTIVE) | U51: 4730 | V51: =VLOOKUP(Additional!$D51, 'Period of Exposures'!B:C, 2, FALSE) -> 33
A52: 61 | B52: RSBSA | C52: Agusan del Norte | D52: BUTUAN CITY | E52: MANDAMO | F52: 1760491 | G52: 46014 | H52: 46111 | I52: LANCERO | J52: SHERYL | K52: CATALUï¿½A | L52: 0.1384 | M52: 3460 | N52: 4 | O52: 313942 | P52: 16-02-02-064-000138 | Q52: 1328111 | S52: 2768 | T52: 4 - Booting Stg. (REPRODUCTIVE) | U52: 2768 | V52: =VLOOKUP(Additional!$D52, 'Period of Exposures'!B:C, 2, FALSE) -> 33
A53: 62 | B53: RSBSA | C53: Agusan del Norte | D53: BUTUAN CITY | E53: MANDAMO | F53: 1760491 | G53: 46014 | H53: 46111 | I53: MABALE | J53: JOSEPH | K53: PUGOY | L53: 0.3555 | M53: 8887.5 | N53: 4 | O53: 297195 | P53: 16-02-02-064-000058 | Q53: 1276785 | S53: 7110 | T53: 4 - Booting Stg. (REPRODUCTIVE) | U53: 7110 | V53: =VLOOKUP(Additional!$D53, 'Period of Exposures'!B:C, 2, FALSE) -> 33
A54: 63 | B54: RSBSA | C54: Agusan del Norte | D54: BUTUAN CITY | E54: MANDAMO | F54: 1760491 | G54: 46014 | H54: 46111 | I54: MABALE | J54: JOSEPH | K54: PUGOY | L54: 0.3527 | M54: 8817.5 | N54: 4 | O54: 297195 | P54: 16-02-02-064-000058 | Q54: 1328510 | S54: 7054 | T54: 4 - Booting Stg. (REPRODUCTIVE) | U54: 7054 | V54: =VLOOKUP(Additional!$D54, 'Period of Exposures'!B:C, 2, FALSE) -> 33
A55: 64 | B55: RSBSA | C55: Agusan del Norte | D55: BUTUAN CITY | E55: MANDAMO | F55: 1761008 | G55: 46020 | H55: 46111 | I55: MABALE | J55: JOVELYN | K55: LAPAS | L55: 1.0334 | M55: 25835 | N55: 4 | O55: 358816 | P55: 16-02-02-064-000121 | Q55: 1225811 | S55: 20668 | T55: 4 - Booting Stg. (REPRODUCTIVE) | U55: 20668 | V55: =VLOOKUP(Additional!$D55, 'Period of Exposures'!B:C, 2, FALSE) -> 33
A56: 65 | B56: RSBSA | C56: Agusan del Norte | D56: BUTUAN CITY | E56: MANDAMO | F56: 1760492 | G56: 46011 | H56: 46106 | I56: MANTILLA | J56: FERNANDO | K56: SALISE | L56: 0.6784 | M56: 16960 | N56: 4 | O56: 315205 | P56: 16-02-02-064-000089 | Q56: 1328384 | S56: 13568 | T56: 4 - Booting Stg. (REPRODUCTIVE) | U56: 13568 | V56: =VLOOKUP(Additional!$D56, 'Period of Exposures'!B:C, 2, FALSE) -> 33
A57: 66 | B57: RSBSA | C57: Agusan del Norte | D57: BUTUAN CITY | E57: MANDAMO | F57: 1760492 | G57: 46011 | H57: 46106 | I57: MANTILLA | J57: FERNANDO | K57: SALISE | L57: 0.24 | M57: 6000 | N57: 4 | O57: 315205 | P57: 16-02-02-064-000089 | Q57: 1328388 | S57: 4800 | T57: 4 - Booting Stg. (REPRODUCTIVE) | U57: 4800 | V57: =VLOOKUP(Additional!$D57, 'Period of Exposures'!B:C, 2, FALSE) -> 33
A58: 67 | B58: RSBSA | C58: Agusan del Norte | D58: BUTUAN CITY | E58: MANDAMO | F58: 1760492 | G58: 46011 | H58: 46106 | I58: MANTILLA | J58: JOFFE | K58: ATO | L58: 0.7497 | M58: 18742.5 | N58: 4 | O58: 325546 | P58: 16-02-02-064-000109 | Q58: 1328097 | S58: 14994 | T58: 4 - Booting Stg. (REPRODUCTIVE) | U58: 14994 | V58: =VLOOKUP(Additional!$D58, 'Period of Exposures'!B:C, 2, FALSE) -> 33
A59: 68 | B59: AGRI-AGRA - OTHERS | C59: Agusan del Norte | D59: BUTUAN CITY | E59: MAGUINDA | F59: 1760471 | G59: 46007 | H59: 46102 | I59: MARAGANA | J59: LORITO JR. | K59: DEPAS | L59: 0.2814 | M59: 5628 | N59: 4 | O59: 481939 | Q59: 1321167 | S59: 4502.4 | T59: 4 - Booting Stg. (REPRODUCTIVE) | U59: 4502.4 | V59: =VLOOKUP(Additional!$D59, 'Period of Exposures'!B:C, 2, FALSE) -> 33
A60: 69 | B60: RSBSA | C60: Agusan del Norte | D60: BUTUAN CITY | E60: SAN VICENTE | F60: 1760481 | G60: 46013 | H60: 46108 | I60: NORBERTE | J60: GARRY | K60: CANDELAS | L60: 1.1306 | M60: 28265 | N60: 4 | O60: 128793 | Q60: 1326038 | S60: 22612 | T60: 4 - Booting Stg. (REPRODUCTIVE) | U60: 22612 | V60: =VLOOKUP(Additional!$D60, 'Period of Exposures'!B:C, 2, FALSE) -> 33
A61: 70 | B61: RSBSA | C61: Agusan del Norte | D61: BUTUAN CITY | E61: SAN VICENTE | F61: 1760481 | G61: 46014 | H61: 46109 | I61: NORBERTE | J61: GARRY | K61: CANDELAS | L61: 0.53 | M61: 13250 | N61: 4 | O61: 128793 | Q61: 1326039 | S61: 10600 | T61: 4 - Booting Stg. (REPRODUCTIVE) | U61: 10600 | V61: =VLOOKUP(Additional!$D61, 'Period of Exposures'!B:C, 2, FALSE) -> 33
A62: 71 | B62: RSBSA | C62: Agusan del Norte | D62: BUTUAN CITY | E62: MANDAMO | F62: 1760492 | G62: 46012 | H62: 46107 | I62: OPO | J62: ROSALINA | K62: CAGAS | L62: 0.5298 | M62: 13245 | N62: 4 | O62: 421676 | P62: 16-02-02-064-000250 | Q62: 1232116 | S62: 10596 | T62: 4 - Booting Stg. (REPRODUCTIVE) | U62: 10596 | V62: =VLOOKUP(Additional!$D62, 'Period of Exposures'!B:C, 2, FALSE) -> 33
A63: 72 | B63: AGRI-AGRA - OTHERS | C63: Agusan del Norte | D63: BUTUAN CITY | E63: MAGUINDA | F63: 1760471 | G63: 46016 | H63: 46111 | I63: ORQUIZ | J63: PERLA | K63: PUNAY | L63: 0.1152 | M63: 2304 | N63: 4 | O63: 480868 | P63: 16-304-00-060-000021 | Q63: 1321465 | S63: 1843.2 | T63: 4 - Booting Stg. (REPRODUCTIVE) | U63: 1843.2 | V63: =VLOOKUP(Additional!$D63, 'Period of Exposures'!B:C, 2, FALSE) -> 33
A64: 73 | B64: AGRI-AGRA - OTHERS | C64: Agusan del Norte | D64: BUTUAN CITY | E64: MAGUINDA | F64: 1760471 | G64: 46016 | H64: 46111 | I64: ORQUIZ | J64: PERLA | K64: PUNAY | L64: 0.1992 | M64: 3984 | N64: 4 | O64: 480868 | P64: 16-304-00-060-000021 | Q64: 1321466 | S64: 3187.2 | T64: 4 - Booting Stg. (REPRODUCTIVE) | U64: 3187.2 | V64: =VLOOKUP(Additional!$D64, 'Period of Exposures'!B:C, 2, FALSE) -> 33
A65: 74 | B65: RSBSA | C65: Agusan del Norte | D65: BUTUAN CITY | E65: MANDAMO | F65: 1760492 | G65: 46011 | H65: 46106 | I65: OTERO | J65: ANITA | K65: CATALUNA | L65: 0.3185 | M65: 7962.5 | N65: 4 | O65: 473254 | P65: 16-02-02-064-000193 | Q65: 1328106 | S65: 6370 | T65: 4 - Booting Stg. (REPRODUCTIVE) | U65: 6370 | V65: =VLOOKUP(Additional!$D65, 'Period of Exposures'!B:C, 2, FALSE) -> 33
A66: 75 | B66: RSBSA | C66: Agusan del Norte | D66: BUTUAN CITY | E66: MANDAMO | F66: 1760492 | G66: 46011 | H66: 46106 | I66: OTERO | J66: ANITA | K66: CATALUNA | L66: 0.3403 | M66: 8507.5 | N66: 4 | O66: 473254 | P66: 16-02-02-064-000193 | Q66: 1328108 | S66: 6806 | T66: 4 - Booting Stg. (REPRODUCTIVE) | U66: 6806 | V66: =VLOOKUP(Additional!$D66, 'Period of Exposures'!B:C, 2, FALSE) -> 33
A67: 76 | B67: RSBSA | C67: Agusan del Norte | D67: BUTUAN CITY | E67: MANDAMO | F67: 1760492 | G67: 46011 | H67: 46106 | I67: OTERO | J67: LOLITA | K67: SERAPION | L67: 0.4051 | M67: 10127.5 | N67: 4 | O67: 370035 | P67: 16-02-02-064-000130 | Q67: 1159016 | S67: 8102 | T67: 4 - Booting Stg. (REPRODUCTIVE) | U67: 8102 | V67: =VLOOKUP(Additional!$D67, 'Period of Exposures'!B:C, 2, FALSE) -> 33
A68: 77 | B68: RSBSA | C68: Agusan del Norte | D68: BUTUAN CITY | E68: DOONGAN | F68: 1761007 | G68: 46012 | H68: 46107 | I68: PALARAN | J68: SALVADOR JR. | K68: BARIACION | L68: 1.3053 | M68: 32632.5 | N68: 4 | O68: 195336 | Q68: 1319155 | S68: 26106 | T68: 4 - Booting Stg. (REPRODUCTIVE) | U68: 26106 | V68: =VLOOKUP(Additional!$D68, 'Period of Exposures'!B:C, 2, FALSE) -> 33
A69: 78 | B69: RSBSA | C69: Agusan del Norte | D69: BUTUAN CITY | E69: MANDAMO | F69: 1760492 | G69: 46011 | H69: 46106 | I69: PALCOTO | J69: MARCELA | K69: CATALUNA | L69: 0.5 | M69: 12500 | N69: 4 | O69: 391960 | P69: 16-02-02-064-000114 | Q69: 1231578 | S69: 10000 | T69: 4 - Booting Stg. (REPRODUCTIVE) | U69: 10000 | V69: =VLOOKUP(Additional!$D69, 'Period of Exposures'!B:C, 2, FALSE) -> 33
A70: 79 | B70: RSBSA | C70: Agusan del Norte | D70: BUTUAN CITY | E70: MANDAMO | F70: 1761010 | G70: 46017 | H70: 46110 | I70: PALLES | J70: RUBEN | K70: TUBURAN | L70: 1.4429 | M70: 36072.5 | N70: 4 | O70: 391157 | P70: 16-02-02-064-000160 | Q70: 1329820 | S70: 28858 | T70: 4 - Booting Stg. (REPRODUCTIVE) | U70: 28858 | V70: =VLOOKUP(Additional!$D70, 'Period of Exposures'!B:C, 2, FALSE) -> 33
A71: 80 | B71: RSBSA | C71: Agusan del Norte | D71: BUTUAN CITY | E71: MANDAMO | F71: 1761008 | G71: 46013 | H71: 46108 | I71: PANGAN | J71: ELIZABETH | K71: BOQUE | L71: 1.007 | M71: 25175 | N71: 4 | O71: 131803 | Q71: 1330915 | S71: 20140 | T71: 4 - Booting Stg. (REPRODUCTIVE) | U71: 20140 | V71: =VLOOKUP(Additional!$D71, 'Period of Exposures'!B:C, 2, FALSE) -> 33
A72: 81 | B72: RSBSA | C72: Agusan del Norte | D72: BUTUAN CITY | E72: MANDAMO | F72: 1760491 | G72: 46013 | H72: 46110 | I72: PANGAN | J72: JUNJIE | K72: BUTCON | L72: 0.428 | M72: 10700 | N72: 4 | O72: 332030 | Q72: 1276912 | S72: 8560 | T72: 4 - Booting Stg. (REPRODUCTIVE) | U72: 8560 | V72: =VLOOKUP(Additional!$D72, 'Period of Exposures'!B:C, 2, FALSE) -> 33
A73: 82 | B73: RSBSA | C73: Agusan del Norte | D73: BUTUAN CITY | E73: MANDAMO | F73: 1760491 | G73: 46013 | H73: 46108 | I73: PANGAN | J73: JUNJIE | K73: BUTCON | L73: 0.4918 | M73: 12295 | N73: 4 | O73: 332030 | Q73: 1276946 | S73: 9836 | T73: 4 - Booting Stg. (REPRODUCTIVE) | U73: 9836 | V73: =VLOOKUP(Additional!$D73, 'Period of Exposures'!B:C, 2, FALSE) -> 33
A74: 83 | B74: RSBSA | C74: Agusan del Norte | D74: BUTUAN CITY | E74: MANDAMO | F74: 1760491 | G74: 46013 | H74: 46110 | I74: PANGAN | J74: ROMULO | K74: SORIA | L74: 1.1139 | M74: 27847.5 | N74: 4 | O74: 297447 | P74: 16-02-02-064-000080 | Q74: 1276883 | S74: 22278 | T74: 4 - Booting Stg. (REPRODUCTIVE) | U74: 22278 | V74: =VLOOKUP(Additional!$D74, 'Period of Exposures'!B:C, 2, FALSE) -> 33
A75: 84 | B75: RSBSA | C75: Agusan del Norte | D75: BUTUAN CITY | E75: SAN VICENTE | F75: 1760481 | G75: 46016 | H75: 46111 | I75: PASTOR | J75: DELIA | K75: NORBERTE | L75: 1.8559 | M75: 46397.5 | N75: 4 | O75: 128796 | P75: 16-02-02-077-000039 | Q75: 1326036 | S75: 37118 | T75: 4 - Booting Stg. (REPRODUCTIVE) | U75: 37118 | V75: =VLOOKUP(Additional!$D75, 'Period of Exposures'!B:C, 2, FALSE) -> 33
A76: 85 | B76: RSBSA | C76: Agusan del Norte | D76: BUTUAN CITY | E76: MAGUINDA | F76: 1760463 | G76: 46007 | H76: 46102 | I76: PORES | J76: AGUSTIN | K76: DELA ROSA | L76: 2 | M76: 50000 | N76: 4 | O76: 87174 | P76: 16-02-02-060-000103 | Q76: 1319185 | S76: 40000 | T76: 4 - Booting Stg. (REPRODUCTIVE) | U76: 40000 | V76: =VLOOKUP(Additional!$D76, 'Period of Exposures'!B:C, 2, FALSE) -> 33
A77: 86 | B77: RSBSA | C77: Agusan del Norte | D77: BUTUAN CITY | E77: TAGABACA | F77: 1760464 | G77: 46011 | H77: 46106 | I77: QUIï¿½ONES | J77: EDITHA | K77: JAMERO | L77: 0.62 | M77: 15500 | N77: 4 | O77: 309477 | P77: 16-02-02-082-000401 | Q77: 1321545 | S77: 12400 | T77: 4 - Booting Stg. (REPRODUCTIVE) | U77: 12400 | V77: =VLOOKUP(Additional!$D77, 'Period of Exposures'!B:C, 2, FALSE) -> 33
A78: 87 | B78: RSBSA | C78: Agusan del Norte | D78: BUTUAN CITY | E78: MANDAMO | F78: 1760491 | G78: 46011 | H78: 46109 | I78: RIVERA | J78: JOMARLO | K78: SILAGAN | L78: 0.3304 | M78: 8260 | N78: 4 | O78: 370061 | P78: 16-02-02-064-000108 | Q78: 1328099 | S78: 6608 | T78: 4 - Booting Stg. (REPRODUCTIVE) | U78: 6608 | V78: =VLOOKUP(Additional!$D78, 'Period of Exposures'!B:C, 2, FALSE) -> 33
A79: 88 | B79: ANYO PROGRAM | C79: Agusan del Norte | D79: BUTUAN CITY | E79: SANTO NIï¿½O | F79: 1760484 | G79: 46009 | H79: 46104 | I79: ROMANO | J79: PACITA | K79: EJADA | L79: 1.3743 | M79: 60000 | N79: 4 | O79: 17150 | Q79: 1050920 | S79: 48000 | T79: 4 - Booting Stg. (REPRODUCTIVE) | U79: 48000 | V79: =VLOOKUP(Additional!$D79, 'Period of Exposures'!B:C, 2, FALSE) -> 33
A80: 89 | B80: ANYO PROGRAM | C80: Agusan del Norte | D80: BUTUAN CITY | E80: SANTO NIï¿½O | F80: 1760484 | G80: 46009 | H80: 46104 | I80: ROSAL | J80: LEONISA | K80: TEJANO | L80: 0.5 | M80: 20000 | N80: 4 | O80: 490343 | Q80: 1199119 | S80: 16000 | T80: 4 - Booting Stg. (REPRODUCTIVE) | U80: 16000 | V80: =VLOOKUP(Additional!$D80, 'Period of Exposures'!B:C, 2, FALSE) -> 33
A81: 90 | B81: RSBSA | C81: Agusan del Norte | D81: BUTUAN CITY | E81: MANDAMO | F81: 1760492 | G81: 46012 | H81: 46107 | I81: ROSALES | J81: GREGORIO | K81: G. | L81: 1.004 | M81: 25100 | N81: 4 | O81: 435757 | P81: 16-02-02-064-000101 | Q81: 1113873 | S81: 20080 | T81: 4 - Booting Stg. (REPRODUCTIVE) | U81: 20080 | V81: =VLOOKUP(Additional!$D81, 'Period of Exposures'!B:C, 2, FALSE) -> 33
A82: 91 | B82: RSBSA | C82: Agusan del Norte | D82: BUTUAN CITY | E82: MAGUINDA | F82: 1760463 | G82: 46009 | H82: 46104 | I82: SACDALAN | J82: ROSA | L82: 2 | M82: 50000 | N82: 4 | O82: 102215 | P82: 16-02-02-060-000214 | Q82: 1276269 | S82: 40000 | T82: 4 - Booting Stg. (REPRODUCTIVE) | U82: 40000 | V82: =VLOOKUP(Additional!$D82, 'Period of Exposures'!B:C, 2, FALSE) -> 33
A83: 92 | B83: AGRI-AGRA - OTHERS | C83: Agusan del Norte | D83: BUTUAN CITY | E83: MAGUINDA | F83: 1760471 | G83: 46008 | H83: 46103 | I83: SARSALE | J83: ULYSSES | K83: CONCEPCION | L83: 0.339 | M83: 6780 | N83: 4 | O83: 476882 | Q83: 1324334 | S83: 5424 | T83: 4 - Booting Stg. (REPRODUCTIVE) | U83: 5424 | V83: =VLOOKUP(Additional!$D83, 'Period of Exposures'!B:C, 2, FALSE) -> 33
A84: 93 | B84: RSBSA | C84: Agusan del Norte | D84: BUTUAN CITY | E84: MANDAMO | F84: 1760492 | G84: 46014 | H84: 46109 | I84: SAYAJON | J84: AL BRONSON | K84: CATALUï¿½A | L84: 0.2003 | M84: 5007.5 | N84: 4 | O84: 332025 | P84: 16-02-02-064-000254 | Q84: 1231345 | S84: 4006 | T84: 4 - Booting Stg. (REPRODUCTIVE) | U84: 4006 | V84: =VLOOKUP(Additional!$D84, 'Period of Exposures'!B:C, 2, FALSE) -> 33
A85: 94 | B85: RSBSA | C85: Agusan del Norte | D85: BUTUAN CITY | E85: MANDAMO | F85: 1760492 | G85: 46014 | H85: 46109 | I85: SAYAJON | J85: LESTER | K85: C | L85: 0.3931 | M85: 9827.5 | N85: 4 | O85: 447442 | P85: 16-02-02-064-000225 | Q85: 1231569 | S85: 7862 | T85: 4 - Booting Stg. (REPRODUCTIVE) | U85: 7862 | V85: =VLOOKUP(Additional!$D85, 'Period of Exposures'!B:C, 2, FALSE) -> 33
A86: 95 | B86: RSBSA | C86: Agusan del Norte | D86: BUTUAN CITY | E86: MANDAMO | F86: 1760491 | G86: 46011 | H86: 46109 | I86: SERAPION | J86: FLORDELIZA | K86: CASSION | L86: 0.2492 | M86: 6230 | N86: 4 | O86: 435762 | P86: 16-02-02-064-000040 | Q86: 1328105 | S86: 4984 | T86: 4 - Booting Stg. (REPRODUCTIVE) | U86: 4984 | V86: =VLOOKUP(Additional!$D86, 'Period of Exposures'!B:C, 2, FALSE) -> 33
A87: 96 | B87: RSBSA | C87: Agusan del Norte | D87: BUTUAN CITY | E87: MANDAMO | F87: 1760491 | G87: 46013 | H87: 46111 | I87: SILAGAN | J87: CHRISTOPHER | K87: ARAIZ | L87: 0.5985 | M87: 14962.5 | N87: 4 | O87: 332045 | P87: 16-02-02-064-000150 | Q87: 1113919 | S87: 11970 | T87: 4 - Booting Stg. (REPRODUCTIVE) | U87: 11970 | V87: =VLOOKUP(Additional!$D87, 'Period of Exposures'!B:C, 2, FALSE) -> 33
A88: 97 | B88: RSBSA | C88: Agusan del Norte | D88: BUTUAN CITY | E88: MANDAMO | F88: 1760491 | G88: 46012 | H88: 46111 | I88: SILAGAN | J88: FELIXBERTO | K88: TAGOON | L88: 0.3287 | M88: 8217.5 | N88: 4 | O88: 315197 | P88: 16-02-02-064-000063 | Q88: 1232125 | S88: 6574 | T88: 4 - Booting Stg. (REPRODUCTIVE) | U88: 6574 | V88: =VLOOKUP(Additional!$D88, 'Period of Exposures'!B:C, 2, FALSE) -> 33
A89: 98 | B89: RSBSA | C89: Agusan del Norte | D89: BUTUAN CITY | E89: MANDAMO | F89: 1760492 | G89: 46012 | H89: 46107 | I89: SILAGAN | J89: GEMMA | K89: CASSION | L89: 0.1072 | M89: 2680 | N89: 4 | O89: 315188 | P89: 16-02-02-064-000050 | Q89: 1231336 | S89: 2144 | T89: 4 - Booting Stg. (REPRODUCTIVE) | U89: 2144 | V89: =VLOOKUP(Additional!$D89, 'Period of Exposures'!B:C, 2, FALSE) -> 33
A90: 99 | B90: RSBSA | C90: Agusan del Norte | D90: BUTUAN CITY | E90: MANDAMO | F90: 1760492 | G90: 46012 | H90: 46107 | I90: SILAGAN | J90: GEMMA | K90: CASSION | L90: 0.3592 | M90: 8980 | N90: 4 | O90: 315188 | P90: 16-02-02-064-000050 | Q90: 1277201 | S90: 7184 | T90: 4 - Booting Stg. (REPRODUCTIVE) | U90: 7184 | V90: =VLOOKUP(Additional!$D90, 'Period of Exposures'!B:C, 2, FALSE) -> 33
A91: 100 | B91: RSBSA | C91: Agusan del Norte | D91: BUTUAN CITY | E91: MANDAMO | F91: 1760491 | G91: 46012 | H91: 46109 | I91: SILAGAN | J91: GEMMA | K91: CASSION | L91: 0.4426 | M91: 11065 | N91: 4 | O91: 315188 | P91: 16-02-02-064-000050 | Q91: 1328472 | S91: 8852 | T91: 4 - Booting Stg. (REPRODUCTIVE) | U91: 8852 | V91: =VLOOKUP(Additional!$D91, 'Period of Exposures'!B:C, 2, FALSE) -> 33
A92: 101 | B92: RSBSA | C92: Agusan del Norte | D92: BUTUAN CITY | E92: MANDAMO | F92: 1760491 | G92: 46013 | H92: 46110 | I92: SILAGAN | J92: JOVIE | K92: PLAZA | L92: 0.5745 | M92: 14362.5 | N92: 4 | O92: 365906 | P92: 16-02-02-064-000057 | Q92: 1276969 | S92: 11490 | T92: 4 - Booting Stg. (REPRODUCTIVE) | U92: 11490 | V92: =VLOOKUP(Additional!$D92, 'Period of Exposures'!B:C, 2, FALSE) -> 33
A93: 102 | B93: RSBSA | C93: Agusan del Norte | D93: BUTUAN CITY | E93: LOS ANGELES | F93: 1760465 | G93: 46007 | H93: 46102 | I93: SUMIWAN | J93: MERLE | K93: BUCO | L93: 0.3627 | M93: 9067.5 | N93: 4 | O93: 5153 | Q93: 1027885 | S93: 7254 | T93: 4 - Booting Stg. (REPRODUCTIVE) | U93: 7254 | V93: =VLOOKUP(Additional!$D93, 'Period of Exposures'!B:C, 2, FALSE) -> 33
A94: 103 | B94: RSBSA | C94: Agusan del Norte | D94: BUTUAN CITY | E94: MAGUINDA | F94: 1760468 | G94: 46020 | H94: 46111 | I94: SURIGAO | J94: LIBRADO | K94: BONJOC | L94: 0.2634 | M94: 6585 | N94: 4 | O94: 431205 | P94: 16-02-02-060-000099 | Q94: 1133114 | S94: 5268 | T94: 4 - Booting Stg. (REPRODUCTIVE) | U94: 5268 | V94: =VLOOKUP(Additional!$D94, 'Period of Exposures'!B:C, 2, FALSE) -> 33
A95: 104 | B95: RSBSA | C95: Agusan del Norte | D95: BUTUAN CITY | E95: LOS ANGELES | F95: 1760465 | G95: 46012 | H95: 46107 | I95: TE | J95: MELVIN | K95: ROJO | L95: 0.4598 | M95: 11495 | N95: 4 | O95: 140471 | Q95: 1318795 | S95: 9196 | T95: 4 - Booting Stg. (REPRODUCTIVE) | U95: 9196 | V95: =VLOOKUP(Additional!$D95, 'Period of Exposures'!B:C, 2, FALSE) -> 33
A96: 105 | B96: RSBSA | C96: Agusan del Norte | D96: BUTUAN CITY | E96: BANZA | F96: 1760488 | G96: 46011 | H96: 46110 | I96: TINGCOY | J96: AMANCIO SR. | K96: L. | L96: 1 | M96: 25000 | N96: 4 | O96: 10583 | Q96: 1265242 | S96: 20000 | T96: 4 - Booting Stg. (REPRODUCTIVE) | U96: 20000 | V96: =VLOOKUP(Additional!$D96, 'Period of Exposures'!B:C, 2, FALSE) -> 33
A97: 106 | B97: RSBSA | C97: Agusan del Norte | D97: BUTUAN CITY | E97: BIT-OS | F97: 1760481 | G97: 46010 | H97: 46105 | I97: VILLARO | J97: RENATO | K97: BAMBE | L97: 1 | M97: 25000 | N97: 4 | O97: 278710 | P97: 16-02-02-022-000043 | Q97: 1326028 | S97: 20000 | T97: 4 - Booting Stg. (REPRODUCTIVE) | U97: 20000 | V97: =VLOOKUP(Additional!$D97, 'Period of Exposures'!B:C, 2, FALSE) -> 33
A98: 121 | B98: RSBSA | C98: Agusan del Norte | D98: LAS NIEVES | E98: LINGAYAO | F98: 1190672 | G98: 46027 | H98: 46102 | I98: GALOS | J98: FE | K98: DUTERTE | L98: 1.3013 | M98: 32532.5 | N98: 4 | O98: 87369 | P98: 16-02-07-005-000245 | Q98: 1324637 | S98: 26026 | T98: 4 - Booting Stg. (REPRODUCTIVE) | U98: 26026 | V98: =VLOOKUP(Additional!$D98, 'Period of Exposures'!B:C, 2, FALSE) -> 33
A99: 122 | B99: RSBSA | C99: Agusan del Norte | D99: LAS NIEVES | E99: LINGAYAO | F99: 1190671 | G99: 46024 | H99: 46109 | I99: RAMEREZ | J99: ROMNICK | K99: HENELASO | L99: 0.3 | M99: 7500 | N99: 4 | O99: 391295 | P99: 16-02-07-005-000014 | Q99: 1324618 | S99: 6000 | T99: 4 - Booting Stg. (REPRODUCTIVE) | U99: 6000 | V99: =VLOOKUP(Additional!$D99, 'Period of Exposures'!B:C, 2, FALSE) -> 33
A100: 123 | B100: RSBSA | C100: Agusan del Norte | D100: MAGALLANES | E100: GUIASAN | F100: 1761002 | G100: 46011 | H100: 46106 | I100: REYES | J100: JOVELYN | K100: GALO | L100: 1.5 | M100: 37500 | N100: 4 | O100: 414516 | Q100: 871709 | S100: 30000 | T100: 4 - Booting Stg. (REPRODUCTIVE) | U100: 30000 | V100: =VLOOKUP(Additional!$D100, 'Period of Exposures'!B:C, 2, FALSE) -> 33
...

Sheet Qualified for ParamIns. 
A1: TWS NO. | B1: 2 | C1: Typhoon Basyang
A2: Period of Exposure | B2: 33 HRS | C2: 02/05/2026 1:00:00 am to 02/06/2026 10:00:00 am
A3: Wind Velocity | B3: 62-88kph | C3: TY Data Source: PAG-ASA
C4: Insurance Record: RISK EXPOSURE as of 02/09/2026
A5: No. | B5: Program Type | C5: Province | D5: Municipality | E5: Barangay | F5: Policy No. | G5: Effectivity Date | H5: Expiry Date | I5: Surname | J5: Firstname | K5: Middlename | L5: AreaInsured | M5: AmountofCover | N5: Stage No. | O5: FarmersID | P5: RSBSA No. | Q5: Farm ID | R5: Georef ID | S5: RiskExposureAmount | T5: Stage | U5: EstimatedDamage | V5: Period of Exposure, hrs
A6: 1 | B6: RSBSA | C6: Agusan del Norte | D6: BUTUAN CITY | E6: BAOBAOAN | F6: 1760452 | G6: 46001 | H6: 46101 | I6: LADRA | J6: ANASTACIA | K6: TULIAO | L6: 0.76 | M6: 19000 | N6: 5 | O6: 233204 | P6: 16-02-02-018-000140 | Q6: 613381 | S6: 17100 | T6: 5 - Flowering Stg. (LATE REPRODUCTIVE) | U6: 17100 | V6: 33
A7: 2 | B7: RSBSA | C7: Agusan del Norte | D7: BUTUAN CITY | E7: LOS ANGELES | F7: 1760465 | G7: 46006 | H7: 46101 | I7: ALTOVEROS | J7: VERONICA | K7: DOLOROC | L7: 2 | M7: 50000 | N7: 5 | O7: 418006 | P7: 16-02-02-056-000248 | Q7: 1027840 | S7: 45000 | T7: 5 - Flowering Stg. (LATE REPRODUCTIVE) | U7: 45000 | V7: 33
A8: 3 | B8: RSBSA | C8: Agusan del Norte | D8: BUTUAN CITY | E8: MAGUINDA | F8: 1760463 | G8: 46006 | H8: 46101 | I8: BAHALLA | J8: CRISTINA | K8: PORES | L8: 2 | M8: 50000 | N8: 5 | O8: 87172 | P8: 16-02-02-060-000223 | Q8: 1034013 | S8: 45000 | T8: 5 - Flowering Stg. (LATE REPRODUCTIVE) | U8: 45000 | V8: 33
A9: 4 | B9: ANYO PROGRAM | C9: Agusan del Norte | D9: BUTUAN CITY | E9: SANTO NIï¿½O | F9: 1760484 | G9: 46001 | H9: 46096 | I9: BATUCAN | J9: VIRGIE | K9: RESTAURO | L9: 1.8476 | M9: 80000 | N9: 5 | O9: 16816 | P9: 16-02-02-100-000278 | Q9: 1044382 | S9: 72000 | T9: 5 - Flowering Stg. (LATE REPRODUCTIVE) | U9: 72000 | V9: 33
A10: 5 | B10: RSBSA | C10: Agusan del Norte | D10: BUTUAN CITY | E10: BIT-OS | F10: 1760487 | G10: 46003 | H10: 46101 | I10: CORRALES | J10: DOMINADOR JR. | K10: B. | L10: 1.1418 | M10: 28545 | N10: 5 | O10: 425376 | Q10: 1228634 | S10: 25690.5 | T10: 5 - Flowering Stg. (LATE REPRODUCTIVE) | U10: 25690.5 | V10: 33
A11: 6 | B11: RSBSA | C11: Agusan del Norte | D11: BUTUAN CITY | E11: BIT-OS | F11: 1760481 | G11: 46001 | H11: 46096 | I11: LAMBAN | J11: TITO | K11: SARANIANA | L11: 0.8509 | M11: 21272.5 | N11: 5 | O11: 177090 | P11: 16-02-02-022-000030 | Q11: 1326017 | S11: 19145.25 | T11: 5 - Flowering Stg. (LATE REPRODUCTIVE) | U11: 19145.25 | V11: 33
A12: 7 | B12: RSBSA | C12: Agusan del Norte | D12: BUTUAN CITY | E12: LOS ANGELES | F12: 1760465 | G12: 45996 | H12: 46093 | I12: MALUPA | J12: DELIA | K12: A. | L12: 1.44 | M12: 36000 | N12: 5 | O12: 327443 | P12: 16-02-02-056-000357 | Q12: 1318631 | S12: 32400 | T12: 5 - Flowering Stg. (LATE REPRODUCTIVE) | U12: 32400 | V12: 33
A13: 8 | B13: RSBSA | C13: Agusan del Norte | D13: BUTUAN CITY | E13: MANDAMO | F13: 1761008 | G13: 46019 | H13: 46097 | I13: PEï¿½ALOGA | J13: VILMAR | K13: REBEL | L13: 0.9258 | M13: 23145 | N13: 5 | O13: 325507 | P13: 16-02-02-064-000097 | Q13: 1329904 | S13: 20830.5 | T13: 5 - Flowering Stg. (LATE REPRODUCTIVE) | U13: 20830.5 | V13: 33
A14: 9 | B14: RSBSA | C14: Agusan del Norte | D14: BUTUAN CITY | E14: MAGUINDA | F14: 1760463 | G14: 46006 | H14: 46101 | I14: SAGRAGAO | J14: LEONOR | K14: PORES | L14: 2 | M14: 50000 | N14: 5 | O14: 334404 | P14: 16-02-02-060-000059 | Q14: 716349 | S14: 45000 | T14: 5 - Flowering Stg. (LATE REPRODUCTIVE) | U14: 45000 | V14: 33
A15: 10 | B15: AGRI-AGRA - OTHERS | C15: Agusan del Norte | D15: BUTUAN CITY | E15: MAGUINDA | F15: 1760471 | G15: 46003 | H15: 46098 | I15: SARSALE | J15: ALEXES | K15: CONCEPCION | L15: 0.5015 | M15: 10030 | N15: 5 | O15: 476841 | P15: 16-02-02-060-000362 | Q15: 1324332 | S15: 9027 | T15: 5 - Flowering Stg. (LATE REPRODUCTIVE) | U15: 9027 | V15: 33
A16: 11 | B16: AGRI-AGRA - OTHERS | C16: Agusan del Norte | D16: BUTUAN CITY | E16: MAGUINDA | F16: 1760471 | G16: 46003 | H16: 46098 | I16: SARSALE | J16: DISELDA | K16: C. | L16: 0.5564 | M16: 11128 | N16: 5 | O16: 325322 | P16: 16-02-02-060-000186 | Q16: 1275867 | S16: 10015.2 | T16: 5 - Flowering Stg. (LATE REPRODUCTIVE) | U16: 10015.2 | V16: 33
A17: 12 | B17: RSBSA | C17: Agusan del Norte | D17: BUTUAN CITY | E17: MANDAMO | F17: 1761004 | G17: 46011 | H17: 46096 | I17: SILAGAN | J17: JOSELITO JR. | K17: MANTILLA | L17: 0.2553 | M17: 6382.5 | N17: 5 | O17: 332033 | Q17: 1149493 | S17: 5744.25 | T17: 5 - Flowering Stg. (LATE REPRODUCTIVE) | U17: 5744.25 | V17: 33
A18: 13 | B18: RSBSA | C18: Agusan del Norte | D18: BUTUAN CITY | E18: MANDAMO | F18: 1761010 | G18: 46018 | H18: 46091 | I18: SILAGAN | J18: RAFAEL | K18: MUSICO | L18: 0.9157 | M18: 22892.5 | N18: 6 | O18: 325519 | P18: 16-02-02-064-000078 | Q18: 1328740 | S18: 20603.25 | T18: 6 - Milking Stg. (LATE REPRODUCTIVE) | U18: 20603.25 | V18: 33
A19: 14 | B19: RSBSA | C19: Agusan del Norte | D19: BUTUAN CITY | E19: LOS ANGELES | F19: 1760467 | G19: 46004 | H19: 46100 | I19: SUPAS | J19: JUNITO | K19: POLONGASA | L19: 1.4685 | M19: 36712.5 | N19: 5 | O19: 389570 | P19: 16-02-02-056-000183 | Q19: 1132749 | S19: 33041.25 | T19: 5 - Flowering Stg. (LATE REPRODUCTIVE) | U19: 33041.25 | V19: 33
A20: 15 | B20: RSBSA | C20: Agusan del Norte | D20: BUTUAN CITY | E20: BANZA | F20: 1760488 | G20: 46002 | H20: 46101 | I20: TINGCOY | J20: ARIEL | K20: AZOTE | L20: 1 | M20: 25000 | N20: 5 | O20: 291992 | P20: 16-02-02-017-000099 | Q20: 1265245 | S20: 22500 | T20: 5 - Flowering Stg. (LATE REPRODUCTIVE) | U20: 22500 | V20: 33
A21: 16 | B21: RSBSA | C21: Agusan del Norte | D21: BUTUAN CITY | E21: BIT-OS | F21: 1760481 | G21: 46002 | H21: 46097 | I21: VILLARO | J21: RENATO | K21: BAMBE | L21: 1 | M21: 25000 | N21: 5 | O21: 278710 | P21: 16-02-02-022-000043 | Q21: 1228633 | S21: 22500 | T21: 5 - Flowering Stg. (LATE REPRODUCTIVE) | U21: 22500 | V21: 33
A22: 17 | B22: RSBSA | C22: Agusan del Norte | D22: CABADBARAN CITY | E22: LA UNION | F22: 1761011 | G22: 46006 | H22: 46101 | I22: MONDIGO | J22: LILIBETH | K22: CALUNDRE | L22: 0.5058 | M22: 12645 | N22: 5 | O22: 22201 | P22: 16-02-03-018-000091 | Q22: 949199 | S22: 11380.5 | T22: 5 - Flowering Stg. (LATE REPRODUCTIVE) | U22: 11380.5 | V22: 33

Sheet Period of Exposures
A1: Province | B1: Municipality | C1: Duration (Hours) | D1: TCWS Level | E1: Start Time | F1: End Time
A2: Agusan del Norte | B2: Buenavista | C2: 33 | D2: TCWS No. 2 | E2: 46058.042 | F2: 46059.417
A3: Agusan del Norte | B3: Butuan City | C3: 33 | D3: TCWS No. 2 | E3: 46058.042 | F3: 46059.417
A4: Agusan del Norte | B4: Cabadbaran City | C4: 33 | D4: TCWS No. 2 | E4: 46058.042 | F4: 46059.417
A5: Agusan del Norte | B5: Carmen | C5: 33 | D5: TCWS No. 2 | E5: 46058.042 | F5: 46059.417
A6: Agusan del Norte | B6: Jabonga | C6: 33 | D6: TCWS No. 2 | E6: 46058.042 | F6: 46059.417
A7: Agusan del Norte | B7: Kitcharao | C7: 33 | D7: TCWS No. 2 | E7: 46058.042 | F7: 46059.417
A8: Agusan del Norte | B8: Las Nieves | C8: 33 | D8: TCWS No. 2 | E8: 46058.042 | F8: 46059.417
A9: Agusan del Norte | B9: Magallanes | C9: 33 | D9: TCWS No. 2 | E9: 46058.042 | F9: 46059.417
A10: Agusan del Norte | B10: Nasipit | C10: 33 | D10: TCWS No. 2 | E10: 46058.042 | F10: 46059.417
A11: Agusan del Norte | B11: Remedios T. Romualdez | C11: 33 | D11: TCWS No. 2 | E11: 46058.042 | F11: 46059.417
A12: Agusan del Norte | B12: Santiago | C12: 33 | D12: TCWS No. 2 | E12: 46058.042 | F12: 46059.417
A13: Agusan del Norte | B13: Tubay | C13: 33 | D13: TCWS No. 2 | E13: 46058.042 | F13: 46059.417
... A113: Surigao del Sur | B113: Tago | C113: 36 | D113: TCWS No. 2 | E113: 46057.917 | F113: 46059.417
